-- MySQL dump 10.13  Distrib 8.0.33, for Linux (x86_64)
--
-- Host: localhost    Database: board
-- ------------------------------------------------------
-- Server version	8.0.33-0ubuntu0.20.04.2

/*!40101 SET @OLD_CHARACTER_SET_CLIENT=@@CHARACTER_SET_CLIENT */;
/*!40101 SET @OLD_CHARACTER_SET_RESULTS=@@CHARACTER_SET_RESULTS */;
/*!40101 SET @OLD_COLLATION_CONNECTION=@@COLLATION_CONNECTION */;
/*!50503 SET NAMES utf8mb4 */;
/*!40103 SET @OLD_TIME_ZONE=@@TIME_ZONE */;
/*!40103 SET TIME_ZONE='+00:00' */;
/*!40014 SET @OLD_UNIQUE_CHECKS=@@UNIQUE_CHECKS, UNIQUE_CHECKS=0 */;
/*!40014 SET @OLD_FOREIGN_KEY_CHECKS=@@FOREIGN_KEY_CHECKS, FOREIGN_KEY_CHECKS=0 */;
/*!40101 SET @OLD_SQL_MODE=@@SQL_MODE, SQL_MODE='NO_AUTO_VALUE_ON_ZERO' */;
/*!40111 SET @OLD_SQL_NOTES=@@SQL_NOTES, SQL_NOTES=0 */;

--
-- Table structure for table `course_user`
--

DROP TABLE IF EXISTS `course_user`;
/*!40101 SET @saved_cs_client     = @@character_set_client */;
/*!50503 SET character_set_client = utf8mb4 */;
CREATE TABLE `course_user` (
  `course_id` bigint unsigned NOT NULL,
  `user_id` bigint unsigned NOT NULL
) ENGINE=InnoDB DEFAULT CHARSET=utf8mb4 COLLATE=utf8mb4_unicode_ci;
/*!40101 SET character_set_client = @saved_cs_client */;

--
-- Dumping data for table `course_user`
--

LOCK TABLES `course_user` WRITE;
/*!40000 ALTER TABLE `course_user` DISABLE KEYS */;
INSERT INTO `course_user` VALUES (2,1),(2,2),(2,3),(3,2),(3,3),(3,5),(2,4),(2,5),(4,2),(5,21),(5,22),(6,21),(7,21),(9,25),(13,49),(12,54),(8,65),(17,86),(11,94),(21,1),(23,52),(23,51),(23,53),(23,54),(23,209),(23,210),(23,211),(24,51),(24,52),(24,53),(24,54),(24,39);
/*!40000 ALTER TABLE `course_user` ENABLE KEYS */;
UNLOCK TABLES;

--
-- Table structure for table `courses`
--

DROP TABLE IF EXISTS `courses`;
/*!40101 SET @saved_cs_client     = @@character_set_client */;
/*!50503 SET character_set_client = utf8mb4 */;
CREATE TABLE `courses` (
  `id` bigint unsigned NOT NULL AUTO_INCREMENT,
  `title` varchar(255) CHARACTER SET utf8mb4 COLLATE utf8mb4_unicode_ci DEFAULT NULL,
  `desc` longtext CHARACTER SET utf8mb4 COLLATE utf8mb4_unicode_ci,
  `start_at` timestamp NULL DEFAULT NULL,
  `end_at` timestamp NULL DEFAULT NULL,
  `status` int DEFAULT NULL,
  `user_id` bigint unsigned DEFAULT NULL,
  `created_at` timestamp NULL DEFAULT NULL,
  `updated_at` timestamp NULL DEFAULT NULL,
  PRIMARY KEY (`id`),
  KEY `courses_user_id_foreign` (`user_id`),
  CONSTRAINT `courses_user_id_foreign` FOREIGN KEY (`user_id`) REFERENCES `users` (`id`)
) ENGINE=InnoDB AUTO_INCREMENT=25 DEFAULT CHARSET=utf8mb4 COLLATE=utf8mb4_unicode_ci;
/*!40101 SET character_set_client = @saved_cs_client */;

--
-- Dumping data for table `courses`
--

LOCK TABLES `courses` WRITE;
/*!40000 ALTER TABLE `courses` DISABLE KEYS */;
INSERT INTO `courses` VALUES (8,'test course',NULL,NULL,NULL,NULL,10,'2022-08-27 12:21:10','2022-08-27 12:21:10'),(9,'тест курс','<p>тест описание</p>','2022-08-27 15:44:04','2022-08-31 15:44:06',1,26,'2022-08-27 13:44:13','2022-08-27 13:44:13'),(10,'тест 2','<p>тест 2</p>','2022-09-01 15:44:27','2022-09-02 15:44:29',2,26,'2022-08-27 13:44:32','2022-08-27 13:44:32'),(11,'Сергей тест',NULL,'2022-11-03 15:19:00','2022-11-24 15:19:01',NULL,39,'2022-11-03 12:19:07','2022-11-03 12:19:07'),(12,'Видео контур собственники',NULL,NULL,NULL,NULL,46,'2022-11-03 14:35:00','2022-11-03 15:15:04'),(13,'Планерка маркетологи',NULL,NULL,NULL,NULL,48,'2022-11-03 14:52:58','2022-11-03 14:52:58'),(14,'Планерка технари',NULL,NULL,NULL,NULL,48,'2022-11-03 14:53:07','2022-11-03 14:53:07'),(15,'Хирург',NULL,NULL,NULL,NULL,61,'2022-11-08 10:21:46','2022-11-08 10:21:46'),(16,'Терапевт',NULL,NULL,NULL,NULL,61,'2022-11-08 10:21:54','2022-11-08 10:21:54'),(17,'ВИДЕО КОНТУР  разработчики',NULL,NULL,NULL,NULL,46,'2022-11-22 18:34:12','2022-11-22 18:34:12'),(18,'Группа тестирования','<p>Фокус-группа для получения обратной связи по системе &quot;ВИДЕО КОНТУР&quot;</p>','2022-11-01 12:38:42','2022-11-08 12:38:46',0,46,'2022-11-23 09:40:30','2022-11-23 09:40:30'),(19,'Тест',NULL,'2023-02-14 15:53:10','2023-02-14 17:00:00',5,131,'2023-02-14 12:51:32','2023-02-14 12:51:32'),(20,'Sigosan','<p>Эзотерические семинары</p>','2023-02-14 18:51:33','2023-02-14 18:51:37',NULL,129,'2023-02-14 15:51:51','2023-02-14 15:51:51'),(21,'moderators',NULL,NULL,NULL,1,159,'2023-03-02 07:44:15','2023-03-02 07:56:29'),(22,'ААА','<p>Привет, проверка вкс</p>','2023-05-16 16:59:42','2023-05-16 17:59:00',1,208,'2023-05-16 10:00:02','2023-05-16 10:00:02'),(23,'СПРИНТ',NULL,'2023-05-22 09:52:49','2023-09-30 09:52:55',NULL,53,'2023-05-22 06:55:34','2023-05-22 06:55:34'),(24,'Собственники',NULL,NULL,NULL,NULL,53,'2023-05-22 19:21:06','2023-05-22 19:21:06');
/*!40000 ALTER TABLE `courses` ENABLE KEYS */;
UNLOCK TABLES;

--
-- Table structure for table `failed_jobs`
--

DROP TABLE IF EXISTS `failed_jobs`;
/*!40101 SET @saved_cs_client     = @@character_set_client */;
/*!50503 SET character_set_client = utf8mb4 */;
CREATE TABLE `failed_jobs` (
  `id` bigint unsigned NOT NULL AUTO_INCREMENT,
  `uuid` varchar(255) CHARACTER SET utf8mb4 COLLATE utf8mb4_unicode_ci NOT NULL,
  `connection` text CHARACTER SET utf8mb4 COLLATE utf8mb4_unicode_ci NOT NULL,
  `queue` text CHARACTER SET utf8mb4 COLLATE utf8mb4_unicode_ci NOT NULL,
  `payload` longtext CHARACTER SET utf8mb4 COLLATE utf8mb4_unicode_ci NOT NULL,
  `exception` longtext CHARACTER SET utf8mb4 COLLATE utf8mb4_unicode_ci NOT NULL,
  `failed_at` timestamp NOT NULL DEFAULT CURRENT_TIMESTAMP,
  PRIMARY KEY (`id`),
  UNIQUE KEY `failed_jobs_uuid_unique` (`uuid`)
) ENGINE=InnoDB DEFAULT CHARSET=utf8mb4 COLLATE=utf8mb4_unicode_ci;
/*!40101 SET character_set_client = @saved_cs_client */;

--
-- Dumping data for table `failed_jobs`
--

LOCK TABLES `failed_jobs` WRITE;
/*!40000 ALTER TABLE `failed_jobs` DISABLE KEYS */;
/*!40000 ALTER TABLE `failed_jobs` ENABLE KEYS */;
UNLOCK TABLES;

--
-- Table structure for table `lesson_user`
--

DROP TABLE IF EXISTS `lesson_user`;
/*!40101 SET @saved_cs_client     = @@character_set_client */;
/*!50503 SET character_set_client = utf8mb4 */;
CREATE TABLE `lesson_user` (
  `lesson_id` bigint unsigned NOT NULL,
  `user_id` bigint unsigned NOT NULL
) ENGINE=InnoDB DEFAULT CHARSET=utf8mb4 COLLATE=utf8mb4_unicode_ci;
/*!40101 SET character_set_client = @saved_cs_client */;

--
-- Dumping data for table `lesson_user`
--

LOCK TABLES `lesson_user` WRITE;
/*!40000 ALTER TABLE `lesson_user` DISABLE KEYS */;
INSERT INTO `lesson_user` VALUES (23,3),(29,21),(22,21),(15,21),(14,2),(14,3),(14,4),(30,1),(30,3),(30,6),(30,7),(30,8),(30,9),(30,13),(30,15),(30,16),(30,18),(30,20),(30,21),(30,22),(29,23),(31,21),(32,23),(32,21),(34,1),(35,23),(37,25),(38,25),(39,25),(40,25),(43,49),(42,54),(42,50),(42,51),(42,52),(42,53),(47,62),(36,65),(51,70),(46,71),(51,39),(51,73),(52,50),(52,52),(52,54),(53,86),(41,94),(59,105),(76,150),(79,1),(86,52),(86,51),(86,54),(86,209),(86,210),(86,211),(55,39),(55,51),(55,52),(55,53),(55,54),(55,58);
/*!40000 ALTER TABLE `lesson_user` ENABLE KEYS */;
UNLOCK TABLES;

--
-- Table structure for table `lessons`
--

DROP TABLE IF EXISTS `lessons`;
/*!40101 SET @saved_cs_client     = @@character_set_client */;
/*!50503 SET character_set_client = utf8mb4 */;
CREATE TABLE `lessons` (
  `id` bigint unsigned NOT NULL AUTO_INCREMENT,
  `title` varchar(255) CHARACTER SET utf8mb4 COLLATE utf8mb4_unicode_ci DEFAULT NULL,
  `slug` varchar(255) CHARACTER SET utf8mb4 COLLATE utf8mb4_unicode_ci NOT NULL,
  `desc` longtext CHARACTER SET utf8mb4 COLLATE utf8mb4_unicode_ci,
  `start_at` timestamp NULL DEFAULT NULL,
  `status` int DEFAULT NULL,
  `course_id` bigint unsigned DEFAULT NULL,
  `user_id` bigint unsigned DEFAULT NULL,
  `pad_secret` varchar(255) CHARACTER SET utf8mb4 COLLATE utf8mb4_unicode_ci DEFAULT NULL,
  `pad_json` longtext CHARACTER SET utf8mb4 COLLATE utf8mb4_unicode_ci,
  `created_at` timestamp NULL DEFAULT NULL,
  `updated_at` timestamp NULL DEFAULT NULL,
  `tribuna` tinyint(1) DEFAULT NULL,
  PRIMARY KEY (`id`),
  UNIQUE KEY `slug` (`slug`),
  KEY `lessons_course_id_foreign` (`course_id`),
  KEY `lessons_user_id_foreign` (`user_id`),
  CONSTRAINT `lessons_course_id_foreign` FOREIGN KEY (`course_id`) REFERENCES `courses` (`id`),
  CONSTRAINT `lessons_user_id_foreign` FOREIGN KEY (`user_id`) REFERENCES `users` (`id`)
) ENGINE=InnoDB AUTO_INCREMENT=88 DEFAULT CHARSET=utf8mb4 COLLATE=utf8mb4_unicode_ci;
/*!40101 SET character_set_client = @saved_cs_client */;

--
-- Dumping data for table `lessons`
--

LOCK TABLES `lessons` WRITE;
/*!40000 ALTER TABLE `lessons` DISABLE KEYS */;
INSERT INTO `lessons` VALUES (33,'Eum veritatis conseq','f4hJeRXHY',NULL,NULL,1,NULL,1,NULL,NULL,'2022-08-27 12:08:51','2022-08-27 12:08:51',NULL),(34,'Omnis elit ab sed s','28eNESKYK',NULL,NULL,1,NULL,1,NULL,NULL,'2022-08-27 12:08:56','2022-08-27 12:08:56',NULL),(36,'test lesson','7PZK5Bvva',NULL,NULL,1,NULL,10,NULL,NULL,'2022-08-27 12:20:52','2022-08-27 12:21:01',NULL),(40,'Ut facilis nostrud q','44ElnIBDZ',NULL,NULL,1,10,26,NULL,NULL,'2022-08-27 18:50:29','2022-08-27 18:50:29',NULL),(41,'Сергей тест','C1N9InQwg',NULL,'2022-11-03 15:19:14',1,11,39,NULL,NULL,'2022-11-03 12:19:18','2022-11-03 12:19:18',NULL),(42,'Собственники ВИДЕО КОНТУР','BpatXjCPi',NULL,NULL,1,12,46,NULL,NULL,'2022-11-03 14:35:13','2022-11-11 14:14:08',NULL),(43,'вкс планерка маркетологи','0WN0fvsWs',NULL,NULL,1,13,48,NULL,NULL,'2022-11-03 14:54:38','2022-11-03 14:54:38',NULL),(44,'вкс планерка технари','9wen38oXD',NULL,NULL,1,14,48,NULL,NULL,'2022-11-03 14:54:50','2022-11-03 14:54:50',NULL),(46,'NOVALigner','CKr0nlmAG',NULL,'2022-11-06 20:23:52',1,NULL,46,NULL,NULL,'2022-11-06 17:24:05','2022-11-06 17:24:05',NULL),(48,'Тест встреча','q3CjAb7oy',NULL,'2022-11-09 08:51:56',1,NULL,59,NULL,NULL,'2022-11-08 07:52:07','2022-11-08 07:52:07',NULL),(49,'Встреча с Петровым Петром','clrCyImOY',NULL,NULL,1,15,61,NULL,NULL,'2022-11-08 10:22:16','2022-11-08 10:22:16',NULL),(50,'Встреча с Ивановым Иваном','mvciYd8HN',NULL,NULL,1,16,61,NULL,NULL,'2022-11-08 10:22:29','2022-11-08 10:22:29',NULL),(52,'ВИДЕО КОНТУР  разработчики','ZgRvbjNuN',NULL,'2022-11-14 16:42:01',1,17,46,NULL,NULL,'2022-11-16 13:42:22','2022-11-22 18:34:24',NULL),(53,'Еженедельное совещание ВИДЕО КОНТУР','jW3TAlIEj',NULL,'2022-10-02 12:41:44',1,17,46,NULL,NULL,'2022-11-23 09:42:46','2022-11-23 09:42:46',NULL),(54,'Culpa ad dolor lauda','M3qed8sLm',NULL,NULL,1,NULL,93,NULL,NULL,'2022-12-05 10:42:47','2022-12-05 10:42:47',0),(55,'ВИДЕО КОНТУР Владельцы','A4yhvbyq1',NULL,'2022-12-06 13:12:33',1,24,53,NULL,NULL,'2022-12-06 10:12:43','2023-05-25 15:47:39',0),(56,'ВИДЕО КОНТУР  Интеграция','YOlz87ZJo',NULL,NULL,1,NULL,46,NULL,NULL,'2022-12-14 07:18:36','2022-12-14 07:18:36',0),(57,'Партнеры и клиенты','Xw3DF7lAJ',NULL,NULL,1,NULL,46,NULL,NULL,'2023-01-13 10:01:18','2023-01-13 10:01:18',0),(58,'123','enb','<p>123213</p>','2023-01-18 13:22:13',1,NULL,104,NULL,NULL,'2023-01-18 09:22:21','2023-01-18 13:04:32',0),(59,'Тестовый урок','AsUGwalob','<p>Создан для тестирования ВКС от имени данного пользователя.</p>','2023-01-19 13:35:35',1,NULL,57,NULL,NULL,'2023-01-19 10:35:53','2023-01-19 10:35:53',0),(60,'Продленка с бабушкой','PKs431VSH',NULL,NULL,1,NULL,71,NULL,NULL,'2023-01-30 08:49:19','2023-01-30 08:49:19',0),(61,'Тимуровцы','PuABj1fi6',NULL,NULL,1,NULL,71,NULL,NULL,'2023-01-31 13:29:59','2023-01-31 13:29:59',0),(62,'asd','SJYqRV9Jc','<p>sad</p>','2023-02-06 16:22:52',1,NULL,108,NULL,NULL,'2023-02-06 09:22:59','2023-02-06 09:22:59',0),(63,'ДЕМО','s1Qqra9gp',NULL,NULL,1,NULL,1,NULL,NULL,'2023-02-09 06:28:32','2023-02-09 06:28:32',0),(64,'ВКС','Tfo5kPI1C',NULL,NULL,1,NULL,122,NULL,NULL,'2023-02-13 14:26:00','2023-02-13 14:26:00',0),(65,'Урок математики','nHQZcyJnP',NULL,NULL,1,NULL,128,NULL,NULL,'2023-02-14 09:15:13','2023-02-14 09:15:13',1),(68,'Тест','XQWZMAZym','<p>тест</p>','2023-02-14 13:55:00',1,NULL,130,NULL,NULL,'2023-02-14 10:46:59','2023-02-14 10:46:59',1),(70,'Ksrs','O9CK20pay',NULL,'2023-02-14 21:10:00',1,NULL,133,NULL,NULL,'2023-02-14 19:10:36','2023-02-14 19:10:36',1),(71,'123','8NjvwkMep',NULL,'2023-02-14 21:27:23',1,NULL,134,NULL,NULL,'2023-02-14 19:28:08','2023-02-14 19:28:08',0),(72,'Обучение','xjsCVbrII','<p>Обучение</p>','2023-02-15 15:07:53',1,NULL,135,NULL,NULL,'2023-02-15 08:09:15','2023-02-15 08:09:15',0),(73,NULL,'6aCFq4okE',NULL,NULL,1,NULL,122,NULL,NULL,'2023-02-15 12:30:47','2023-02-15 12:30:47',0),(75,'Демонстрационная встреча','iakHFWe8p',NULL,NULL,1,NULL,115,NULL,NULL,'2023-02-21 08:55:32','2023-02-21 08:55:32',1),(76,'Тестирование платформы','w9MfsQFP6',NULL,'2023-02-22 15:30:00',1,NULL,148,NULL,NULL,'2023-02-22 11:42:51','2023-02-22 11:42:51',0),(77,'Тест','DSZtgNfbw',NULL,'2023-03-02 09:00:00',1,NULL,152,NULL,NULL,'2023-03-02 00:22:41','2023-03-02 00:22:41',0),(78,'Конференция','mV68d5cqg',NULL,'2023-03-02 09:18:55',1,NULL,152,NULL,NULL,'2023-03-02 01:19:00','2023-03-02 01:19:00',0),(79,'test conf','caVH2q2a2','<p>description test conf</p>','2023-03-02 15:17:14',1,21,159,NULL,NULL,'2023-03-02 07:17:39','2023-03-02 07:56:05',1),(80,'Диски','Av0fcwx4f',NULL,'2023-03-07 14:29:25',1,NULL,146,NULL,NULL,'2023-03-07 11:29:56','2023-03-07 11:29:56',0),(81,'Комиссия','UEE3slI47',NULL,'2023-03-10 16:40:00',1,NULL,127,NULL,NULL,'2023-03-10 09:20:53','2023-03-10 09:20:53',0),(82,'Тест МДС','vfcVBcE6X','<p>Описание тест</p>','2023-03-16 14:00:00',1,NULL,170,NULL,NULL,'2023-03-16 09:00:36','2023-03-16 09:00:36',1),(83,'Тест','lDOCXFayE',NULL,NULL,1,NULL,174,NULL,NULL,'2023-03-23 09:02:32','2023-03-23 09:02:32',0),(84,'РМО','cLtg0k3KB',NULL,'2023-03-30 10:10:00',1,NULL,137,NULL,NULL,'2023-03-30 07:12:36','2023-03-30 07:12:36',0),(85,'Каст дев','BkGfqPsoH','<p>Внутри каст дева нужно проводить интервью&nbsp;</p>','2023-05-17 15:18:13',1,NULL,205,NULL,NULL,'2023-05-17 08:18:21','2023-05-17 08:18:21',0),(86,'СПРИНТ','mEtF87TvX',NULL,'2023-05-21 00:00:00',1,23,53,NULL,NULL,'2023-05-22 06:52:08','2023-05-22 08:11:06',0);
/*!40000 ALTER TABLE `lessons` ENABLE KEYS */;
UNLOCK TABLES;

--
-- Table structure for table `licence_types`
--

DROP TABLE IF EXISTS `licence_types`;
/*!40101 SET @saved_cs_client     = @@character_set_client */;
/*!50503 SET character_set_client = utf8mb4 */;
CREATE TABLE `licence_types` (
  `id` bigint unsigned NOT NULL AUTO_INCREMENT,
  `title` varchar(255) CHARACTER SET utf8mb4 COLLATE utf8mb4_unicode_ci DEFAULT NULL,
  `desc` longtext CHARACTER SET utf8mb4 COLLATE utf8mb4_unicode_ci,
  `pupils` int DEFAULT NULL,
  `active` tinyint(1) DEFAULT NULL,
  `price` decimal(8,2) DEFAULT NULL,
  `created_at` timestamp NULL DEFAULT NULL,
  `updated_at` timestamp NULL DEFAULT NULL,
  `board` tinyint(1) DEFAULT NULL,
  `popup_html` text CHARACTER SET utf8mb4 COLLATE utf8mb4_unicode_ci,
  `price_year` int NOT NULL,
  PRIMARY KEY (`id`)
) ENGINE=InnoDB AUTO_INCREMENT=9 DEFAULT CHARSET=utf8mb4 COLLATE=utf8mb4_unicode_ci;
/*!40101 SET character_set_client = @saved_cs_client */;

--
-- Dumping data for table `licence_types`
--

LOCK TABLES `licence_types` WRITE;
/*!40000 ALTER TABLE `licence_types` DISABLE KEYS */;
INSERT INTO `licence_types` VALUES (1,'10 p','<p>desc</p>',5,1,1000.00,'2022-08-08 18:19:48','2022-08-26 19:49:59',0,'',0),(3,'Демо',NULL,100,1,0.00,'2022-11-03 12:24:02','2022-11-03 14:22:56',1,'',0),(4,'Репетитор 20 tester',NULL,20,1,0.00,'2022-11-07 18:03:41','2022-11-07 18:04:02',1,'',0),(5,'ГРУППА','<p>Средним<br />\r\nорганизациям</p>',120,1,900.00,'2022-11-10 12:32:12','2022-11-10 12:36:32',1,'1',7190),(6,'КОРПОРАЦИЯ','<p>Крупным компаниям с большим количеством сотрудников</p>',1000,1,7150.00,'2022-11-10 12:33:20','2022-11-10 12:37:12',1,'1',60060),(7,'СЕРВЕР','<p>Крупным компаниям с большим количеством сотрудников</p>',300,1,19000.00,'2022-11-10 12:34:12','2022-11-10 12:34:12',1,'1',190000),(8,'СЕРВЕР ПЛЮС','<p>Крупным компаниям с большим количеством сотрудников</p>',10000,1,500000.00,'2022-11-10 12:35:27','2022-11-10 12:37:20',1,'1',500000);
/*!40000 ALTER TABLE `licence_types` ENABLE KEYS */;
UNLOCK TABLES;

--
-- Table structure for table `licence_user`
--

DROP TABLE IF EXISTS `licence_user`;
/*!40101 SET @saved_cs_client     = @@character_set_client */;
/*!50503 SET character_set_client = utf8mb4 */;
CREATE TABLE `licence_user` (
  `licence_id` bigint unsigned NOT NULL,
  `user_id` bigint unsigned NOT NULL
) ENGINE=InnoDB DEFAULT CHARSET=utf8mb4 COLLATE=utf8mb4_unicode_ci;
/*!40101 SET character_set_client = @saved_cs_client */;

--
-- Dumping data for table `licence_user`
--

LOCK TABLES `licence_user` WRITE;
/*!40000 ALTER TABLE `licence_user` DISABLE KEYS */;
INSERT INTO `licence_user` VALUES (18,3),(18,4),(19,3),(20,3),(20,6),(21,2),(21,6),(22,21),(21,1),(22,23),(23,25),(23,25),(29,49),(28,51),(28,50),(28,53),(28,52),(28,54),(28,53),(21,65),(21,67),(33,53),(33,71),(33,71),(26,83),(26,83),(28,53),(28,53),(28,46),(28,86),(26,88),(26,94),(30,105),(137,122),(137,124),(139,21),(139,14),(147,1),(159,150),(171,1),(171,2),(171,3),(34,54),(34,53),(34,51),(34,209),(34,52),(34,211),(34,210),(34,39),(34,58);
/*!40000 ALTER TABLE `licence_user` ENABLE KEYS */;
UNLOCK TABLES;

--
-- Table structure for table `licences`
--

DROP TABLE IF EXISTS `licences`;
/*!40101 SET @saved_cs_client     = @@character_set_client */;
/*!50503 SET character_set_client = utf8mb4 */;
CREATE TABLE `licences` (
  `id` bigint unsigned NOT NULL AUTO_INCREMENT,
  `user_id` bigint unsigned NOT NULL,
  `licence_type_id` bigint unsigned NOT NULL,
  `start_at` timestamp NULL DEFAULT NULL,
  `end_at` timestamp NULL DEFAULT NULL,
  `active` tinyint(1) DEFAULT NULL,
  `created_at` timestamp NULL DEFAULT NULL,
  `updated_at` timestamp NULL DEFAULT NULL,
  PRIMARY KEY (`id`),
  KEY `licences_user_id_foreign` (`user_id`),
  KEY `licences_licence_type_id_foreign` (`licence_type_id`),
  CONSTRAINT `licences_licence_type_id_foreign` FOREIGN KEY (`licence_type_id`) REFERENCES `licence_types` (`id`),
  CONSTRAINT `licences_user_id_foreign` FOREIGN KEY (`user_id`) REFERENCES `users` (`id`)
) ENGINE=InnoDB AUTO_INCREMENT=231 DEFAULT CHARSET=utf8mb4 COLLATE=utf8mb4_unicode_ci;
/*!40101 SET character_set_client = @saved_cs_client */;

--
-- Dumping data for table `licences`
--

LOCK TABLES `licences` WRITE;
/*!40000 ALTER TABLE `licences` DISABLE KEYS */;
INSERT INTO `licences` VALUES (18,4,1,'2022-08-15 22:31:00','2022-09-15 22:31:00',1,'2022-08-09 04:32:48','2022-08-15 20:32:02'),(19,1,1,'2022-08-15 23:54:00','2022-09-16 23:54:00',1,'2022-08-15 21:54:39','2022-08-15 22:23:21'),(20,1,1,'1978-07-01 04:03:00','2009-04-12 06:27:00',0,'2022-08-25 09:58:04','2022-08-25 09:58:04'),(21,1,1,'1989-04-07 01:56:00','2014-08-27 01:36:00',1,'2022-08-25 09:58:09','2022-08-25 09:58:09'),(22,10,1,'2022-08-26 18:41:00','2022-08-31 18:42:00',1,'2022-08-26 16:42:12','2022-08-26 16:42:12'),(23,26,1,'2022-08-27 16:01:00','2022-09-27 16:01:00',1,'2022-08-27 14:01:27','2022-08-27 14:01:27'),(25,41,1,NULL,NULL,1,'2022-11-03 12:32:10','2022-11-03 12:32:10'),(26,39,3,'2022-11-03 15:48:00','2022-11-17 15:28:00',1,'2022-11-03 12:46:43','2022-11-17 12:25:01'),(28,46,3,NULL,NULL,1,'2022-11-03 14:34:08','2022-11-03 14:34:08'),(29,48,1,NULL,NULL,1,'2022-11-03 14:52:07','2022-11-03 14:52:07'),(30,57,4,'2022-11-07 21:04:00','2031-07-07 21:04:00',1,'2022-11-07 18:05:14','2022-11-07 18:05:14'),(31,59,1,'2022-11-08 08:58:00','2023-11-08 08:58:00',1,'2022-11-08 07:58:44','2022-11-08 07:58:44'),(32,61,3,'2022-11-07 13:20:00','2022-11-15 13:20:00',1,'2022-11-08 10:20:33','2022-11-08 10:20:33'),(33,52,8,'2022-11-10 17:30:00','2025-03-31 17:30:00',1,'2022-11-11 14:30:48','2023-05-15 20:03:36'),(34,53,8,'2022-11-11 17:31:00',NULL,1,'2022-11-11 14:31:46','2022-11-11 14:31:46'),(35,51,8,'2022-11-11 17:34:00','2025-04-18 17:33:00',1,'2022-11-11 14:34:20','2023-05-15 20:03:18'),(36,54,7,'2022-11-11 17:34:00','2025-04-30 23:34:00',1,'2022-11-11 14:34:59','2023-05-15 19:52:45'),(37,66,3,'2022-11-11 17:36:00','2023-03-31 17:36:00',1,'2022-11-11 14:37:04','2022-11-11 14:37:04'),(38,67,3,'2022-11-11 17:46:00','2022-12-10 17:46:00',1,'2022-11-11 14:47:04','2022-11-11 14:47:04'),(39,68,3,'2022-11-12 17:19:00','2022-12-31 17:19:00',1,'2022-11-12 14:19:30','2022-11-12 14:19:30'),(40,69,3,'2022-11-13 15:11:00','2022-12-31 15:12:00',1,'2022-11-13 12:12:29','2022-11-13 12:12:29'),(41,72,3,'2022-11-14 10:52:00','2022-12-13 10:52:00',1,'2022-11-14 07:52:40','2022-11-14 07:52:40'),(42,26,3,NULL,NULL,NULL,'2022-11-16 16:52:44','2022-11-16 16:52:44'),(43,26,5,NULL,NULL,NULL,'2022-11-16 16:52:49','2022-11-16 16:52:49'),(44,26,5,NULL,NULL,NULL,'2022-11-16 16:53:13','2022-11-16 16:53:13'),(45,1,6,NULL,NULL,NULL,'2022-11-16 16:53:54','2022-11-16 16:53:54'),(46,1,6,NULL,NULL,NULL,'2022-11-16 16:53:58','2022-11-16 16:53:58'),(47,1,4,NULL,NULL,NULL,'2022-11-16 16:54:02','2022-11-16 16:54:02'),(48,1,4,NULL,NULL,NULL,'2022-11-16 16:54:08','2022-11-16 16:54:08'),(49,1,4,NULL,NULL,NULL,'2022-11-16 16:54:09','2022-11-16 16:54:09'),(50,1,4,NULL,NULL,NULL,'2022-11-16 16:54:09','2022-11-16 16:54:09'),(51,1,6,NULL,NULL,NULL,'2022-11-16 16:54:13','2022-11-16 16:54:13'),(52,1,6,NULL,NULL,NULL,'2022-11-16 16:54:24','2022-11-16 16:54:24'),(53,1,6,NULL,NULL,NULL,'2022-11-16 16:57:39','2022-11-16 16:57:39'),(54,26,5,NULL,NULL,NULL,'2022-11-16 16:57:49','2022-11-16 16:57:49'),(55,1,1,NULL,NULL,NULL,'2022-11-16 20:45:18','2022-11-16 20:45:18'),(56,1,5,NULL,NULL,NULL,'2022-11-16 20:45:36','2022-11-16 20:45:36'),(57,1,6,NULL,NULL,NULL,'2022-11-17 11:27:03','2022-11-17 11:27:03'),(58,39,4,NULL,NULL,NULL,'2022-11-17 11:43:00','2022-11-17 11:43:00'),(59,1,1,NULL,NULL,NULL,'2022-11-19 09:18:39','2022-11-19 09:18:39'),(60,1,5,NULL,NULL,NULL,'2022-11-21 22:08:01','2022-11-21 22:08:01'),(61,46,5,NULL,NULL,NULL,'2022-11-23 09:04:03','2022-11-23 09:04:03'),(62,46,6,NULL,NULL,NULL,'2022-11-23 09:04:20','2022-11-23 09:04:20'),(63,46,5,NULL,NULL,NULL,'2022-11-24 09:30:48','2022-11-24 09:30:48'),(64,1,8,NULL,NULL,NULL,'2022-11-24 11:00:47','2022-11-24 11:00:47'),(65,1,5,NULL,NULL,NULL,'2022-11-24 11:00:56','2022-11-24 11:00:56'),(66,1,4,NULL,NULL,NULL,'2022-11-24 21:14:12','2022-11-24 21:14:12'),(67,1,5,NULL,NULL,NULL,'2022-11-25 09:01:17','2022-11-25 09:01:17'),(68,39,7,NULL,NULL,NULL,'2022-11-25 13:06:54','2022-11-25 13:06:54'),(69,39,5,NULL,NULL,NULL,'2022-11-27 00:04:24','2022-11-27 00:04:24'),(70,1,6,NULL,NULL,NULL,'2022-11-28 04:21:25','2022-11-28 04:21:25'),(71,1,5,NULL,NULL,NULL,'2022-12-05 11:43:33','2022-12-05 11:43:33'),(72,46,3,NULL,NULL,NULL,'2022-12-05 19:59:48','2022-12-05 19:59:48'),(73,39,5,NULL,NULL,NULL,'2022-12-05 21:02:42','2022-12-05 21:02:42'),(74,39,5,NULL,NULL,NULL,'2022-12-06 10:21:23','2022-12-06 10:21:23'),(75,1,5,NULL,NULL,NULL,'2022-12-06 15:42:58','2022-12-06 15:42:58'),(76,1,5,NULL,NULL,NULL,'2022-12-06 15:48:55','2022-12-06 15:48:55'),(77,1,5,NULL,NULL,NULL,'2022-12-07 12:25:22','2022-12-07 12:25:22'),(78,1,5,NULL,NULL,NULL,'2022-12-07 12:25:44','2022-12-07 12:25:44'),(79,1,5,NULL,NULL,NULL,'2022-12-07 12:26:33','2022-12-07 12:26:33'),(80,1,5,NULL,NULL,NULL,'2022-12-07 12:27:00','2022-12-07 12:27:00'),(81,1,8,NULL,NULL,NULL,'2022-12-07 12:27:57','2022-12-07 12:27:57'),(82,1,8,NULL,NULL,NULL,'2022-12-07 12:27:58','2022-12-07 12:27:58'),(83,1,5,NULL,NULL,NULL,'2022-12-07 12:28:05','2022-12-07 12:28:05'),(84,1,7,NULL,NULL,NULL,'2022-12-07 12:28:12','2022-12-07 12:28:12'),(85,1,5,NULL,NULL,NULL,'2022-12-07 12:29:31','2022-12-07 12:29:31'),(86,1,7,NULL,NULL,NULL,'2022-12-07 12:31:43','2022-12-07 12:31:43'),(87,1,5,NULL,NULL,NULL,'2022-12-07 12:33:31','2022-12-07 12:33:31'),(88,1,5,NULL,NULL,NULL,'2022-12-07 14:42:40','2022-12-07 14:42:40'),(89,1,5,NULL,NULL,NULL,'2022-12-07 14:51:03','2022-12-07 14:51:03'),(90,1,5,NULL,NULL,NULL,'2022-12-08 14:20:15','2022-12-08 14:20:15'),(91,46,5,NULL,NULL,NULL,'2022-12-09 09:19:28','2022-12-09 09:19:28'),(92,97,3,'2022-12-09 21:19:00','2023-02-28 21:19:00',1,'2022-12-09 18:19:49','2022-12-09 18:19:49'),(93,96,3,'2022-12-09 21:20:00','2023-02-28 21:20:00',1,'2022-12-09 18:20:16','2022-12-09 18:20:16'),(94,95,3,'2022-12-09 21:20:00','2023-02-28 21:20:00',1,'2022-12-09 18:20:42','2022-12-09 18:20:42'),(95,98,3,NULL,'2023-01-31 22:51:00',1,'2022-12-10 19:51:52','2022-12-10 19:51:52'),(96,1,5,NULL,NULL,NULL,'2022-12-13 05:07:17','2022-12-13 05:07:17'),(97,1,5,NULL,NULL,NULL,'2022-12-13 05:07:19','2022-12-13 05:07:19'),(98,1,5,NULL,NULL,NULL,'2022-12-13 07:45:19','2022-12-13 07:45:19'),(99,1,4,NULL,NULL,NULL,'2022-12-14 07:32:39','2022-12-14 07:32:39'),(100,39,5,NULL,NULL,NULL,'2022-12-14 22:00:22','2022-12-14 22:00:22'),(101,1,5,NULL,NULL,NULL,'2022-12-15 15:04:39','2022-12-15 15:04:39'),(102,1,6,NULL,NULL,NULL,'2022-12-15 15:04:48','2022-12-15 15:04:48'),(103,39,5,NULL,NULL,NULL,'2022-12-15 22:38:29','2022-12-15 22:38:29'),(104,1,6,NULL,NULL,NULL,'2022-12-16 09:50:12','2022-12-16 09:50:12'),(105,99,3,NULL,'2023-01-31 22:59:00',1,'2022-12-22 19:59:15','2022-12-22 19:59:15'),(106,100,3,NULL,'2023-01-31 10:11:00',1,'2022-12-23 07:11:38','2022-12-23 07:11:38'),(107,39,5,NULL,NULL,NULL,'2022-12-26 12:41:43','2022-12-26 12:41:43'),(108,39,6,NULL,NULL,NULL,'2022-12-27 16:19:28','2022-12-27 16:19:28'),(109,39,5,NULL,NULL,NULL,'2022-12-30 02:15:51','2022-12-30 02:15:51'),(110,39,5,NULL,NULL,NULL,'2023-01-04 21:19:25','2023-01-04 21:19:25'),(111,101,3,NULL,'2023-02-28 13:20:00',1,'2023-01-10 10:21:19','2023-01-10 10:21:19'),(112,102,3,NULL,'2023-02-28 14:41:00',1,'2023-01-12 11:40:57','2023-01-12 11:40:57'),(113,103,3,NULL,'2023-02-28 14:47:00',1,'2023-01-12 11:47:05','2023-01-12 11:47:05'),(114,39,6,NULL,NULL,NULL,'2023-01-17 07:07:12','2023-01-17 07:07:12'),(115,39,5,NULL,NULL,NULL,'2023-01-17 12:50:45','2023-01-17 12:50:45'),(116,39,1,NULL,NULL,NULL,'2023-01-26 14:39:09','2023-01-26 14:39:09'),(117,106,3,NULL,'2023-03-31 11:36:00',1,'2023-01-30 08:36:48','2023-01-30 08:36:48'),(118,107,3,NULL,'2023-03-31 13:57:00',1,'2023-01-30 10:57:03','2023-01-30 10:57:03'),(119,108,3,'2023-02-06 09:35:00','2023-03-06 09:35:00',1,'2023-02-06 06:35:52','2023-02-06 06:35:52'),(120,108,4,NULL,NULL,NULL,'2023-02-06 09:24:54','2023-02-06 09:24:54'),(121,118,3,NULL,NULL,1,'2023-02-09 06:47:56','2023-02-09 06:47:56'),(122,117,3,NULL,NULL,1,'2023-02-09 06:48:11','2023-02-09 06:48:11'),(123,116,3,NULL,NULL,1,'2023-02-09 06:48:46','2023-02-09 06:48:46'),(124,115,3,NULL,NULL,1,'2023-02-09 06:49:54','2023-02-09 06:49:54'),(125,114,3,NULL,NULL,1,'2023-02-09 06:50:15','2023-02-09 06:50:15'),(126,113,3,NULL,NULL,1,'2023-02-09 07:21:48','2023-02-09 07:21:48'),(127,1,1,NULL,NULL,1,'2023-02-09 07:22:12','2023-02-09 07:22:12'),(128,112,3,NULL,NULL,1,'2023-02-09 07:23:01','2023-02-09 07:23:01'),(129,111,3,NULL,NULL,1,'2023-02-09 07:23:14','2023-02-09 07:23:14'),(130,110,3,NULL,NULL,1,'2023-02-09 07:23:35','2023-02-09 07:23:35'),(131,109,3,NULL,NULL,1,'2023-02-09 07:23:50','2023-02-09 07:23:50'),(132,118,4,NULL,NULL,NULL,'2023-02-09 07:25:53','2023-02-09 07:25:53'),(133,117,4,NULL,NULL,NULL,'2023-02-09 07:39:29','2023-02-09 07:39:29'),(134,119,3,NULL,'2023-03-10 14:58:00',1,'2023-02-10 11:58:31','2023-02-10 11:58:31'),(135,120,3,'2023-02-13 15:41:00','2023-03-13 15:41:00',1,'2023-02-13 12:41:34','2023-02-13 12:41:34'),(136,121,3,'2023-02-13 15:46:00','2023-03-13 15:46:00',1,'2023-02-13 12:46:25','2023-02-13 12:46:25'),(137,122,3,'2023-02-13 15:51:00','2023-03-13 15:51:00',1,'2023-02-13 12:51:36','2023-02-13 12:51:36'),(138,126,3,'2023-02-13 23:16:00','2023-03-14 23:15:00',1,'2023-02-13 20:15:36','2023-02-13 20:16:40'),(139,125,3,'2023-02-13 23:16:00','2023-03-14 23:16:00',1,'2023-02-13 20:16:00','2023-02-13 20:16:27'),(140,128,3,'2023-02-14 10:20:00','2023-03-14 10:20:00',1,'2023-02-14 07:20:00','2023-02-14 07:20:00'),(141,127,3,'2023-02-14 10:20:00','2023-03-28 10:20:00',1,'2023-02-14 07:20:28','2023-03-03 08:34:32'),(142,129,3,'2023-02-14 11:26:00','2023-03-14 11:26:00',1,'2023-02-14 08:26:38','2023-02-14 08:26:38'),(143,130,3,'2023-02-14 12:42:00','2023-03-14 12:42:00',1,'2023-02-14 09:41:56','2023-02-14 09:41:56'),(144,131,3,'2023-02-14 15:45:00','2023-03-14 15:45:00',1,'2023-02-14 12:45:27','2023-02-14 12:45:27'),(145,132,3,'2023-02-14 21:41:00','2023-03-15 21:41:00',1,'2023-02-14 18:41:41','2023-02-14 18:41:41'),(146,133,3,'2023-02-14 21:57:00','2023-03-15 21:57:00',1,'2023-02-14 18:56:53','2023-02-14 18:56:53'),(147,134,3,'2023-02-14 21:58:00','2023-03-15 21:59:00',1,'2023-02-14 18:58:46','2023-02-14 18:58:46'),(148,135,3,'2023-02-15 11:02:00','2023-03-15 11:03:00',1,'2023-02-15 08:03:14','2023-02-15 08:03:14'),(149,137,3,'2023-02-16 13:18:00','2023-03-16 13:18:00',1,'2023-02-16 10:18:41','2023-02-16 10:18:52'),(150,1,4,NULL,NULL,NULL,'2023-02-17 08:00:12','2023-02-17 08:00:12'),(151,138,3,'2023-02-20 11:31:00','2023-03-20 11:31:00',1,'2023-02-20 08:32:04','2023-02-20 08:32:04'),(152,139,3,'2023-02-20 11:34:00','2023-03-20 11:34:00',1,'2023-02-20 08:34:15','2023-02-20 08:34:15'),(153,142,3,'2023-02-21 11:36:00','2023-03-21 11:36:00',1,'2023-02-20 10:48:33','2023-02-21 08:36:31'),(154,143,3,'2023-02-21 10:58:00','2023-03-21 10:58:00',1,'2023-02-21 07:58:51','2023-02-21 07:58:51'),(155,144,3,NULL,NULL,NULL,'2023-02-21 08:31:20','2023-02-21 08:31:20'),(156,145,3,'2023-02-21 19:39:00','2023-03-21 19:39:00',1,'2023-02-21 16:39:31','2023-02-21 16:39:31'),(157,146,3,'2023-02-21 19:41:00','2023-03-21 19:41:00',1,'2023-02-21 16:42:02','2023-02-21 16:42:02'),(158,147,3,'2023-02-22 12:55:00','2023-03-22 12:55:00',1,'2023-02-22 09:55:32','2023-02-22 09:55:32'),(159,148,3,'2023-02-22 13:02:00','2023-03-22 13:02:00',1,'2023-02-22 10:02:21','2023-02-22 10:02:21'),(160,149,3,'2023-02-22 13:07:00','2023-03-22 13:07:00',1,'2023-02-22 10:07:22','2023-02-22 10:07:22'),(161,150,3,'2023-02-22 13:11:00','2023-03-22 13:11:00',1,'2023-02-22 10:11:08','2023-02-22 10:11:08'),(162,151,3,'2023-02-22 22:09:00','2023-03-22 22:09:00',1,'2023-02-22 19:09:35','2023-02-22 19:09:35'),(163,153,3,'2023-02-27 10:46:00','2023-03-27 10:46:00',1,'2023-02-27 07:46:21','2023-02-27 07:46:21'),(164,152,3,'2023-02-27 10:46:00','2023-02-27 10:46:00',1,'2023-02-27 07:46:45','2023-02-27 07:46:45'),(165,154,3,'2023-02-27 13:57:00','2023-03-27 13:57:00',1,'2023-02-27 10:58:14','2023-02-27 10:58:14'),(166,155,3,'2023-02-27 16:24:00','2023-03-27 16:25:00',1,'2023-02-27 13:25:14','2023-02-27 13:25:14'),(167,155,3,'2023-03-02 10:22:00','2023-03-02 10:23:00',1,'2023-02-27 13:36:32','2023-03-02 07:25:23'),(168,157,3,'2023-03-01 10:11:00','2023-04-01 10:11:00',1,'2023-03-01 07:11:35','2023-03-01 07:11:35'),(169,143,3,'2023-03-02 10:22:00','2023-03-02 10:22:00',1,'2023-03-01 19:02:39','2023-03-02 07:24:56'),(170,158,3,'2023-03-02 10:07:00','2023-04-02 10:08:00',1,'2023-03-02 07:08:09','2023-03-02 07:08:09'),(171,159,3,'2023-03-02 10:09:00','2023-04-02 10:10:00',1,'2023-03-02 07:10:06','2023-03-02 07:10:06'),(172,156,3,'2023-03-02 10:14:00','2023-04-02 10:14:00',1,'2023-03-02 07:14:49','2023-03-02 07:14:49'),(173,160,3,'2023-03-02 10:21:00','2023-04-02 10:21:00',1,'2023-03-02 07:21:41','2023-03-02 07:21:41'),(174,159,4,NULL,NULL,NULL,'2023-03-02 08:14:41','2023-03-02 08:14:41'),(175,159,4,NULL,NULL,NULL,'2023-03-02 08:14:44','2023-03-02 08:14:44'),(176,162,3,'2023-03-03 12:02:00','2023-03-03 12:02:00',1,'2023-03-03 09:02:24','2023-03-03 09:02:24'),(177,161,3,'2023-03-03 12:02:00','2023-03-03 12:02:00',1,'2023-03-03 09:02:49','2023-03-03 09:02:49'),(178,164,3,'2023-03-07 16:09:00','2023-04-07 16:09:00',1,'2023-03-07 13:09:12','2023-03-07 13:09:12'),(179,165,3,'2023-03-08 22:20:00','2023-04-08 22:20:00',1,'2023-03-08 19:20:15','2023-03-08 19:20:15'),(180,163,3,'2023-03-08 22:20:00','2023-04-08 22:20:00',1,'2023-03-08 19:20:46','2023-03-08 19:20:46'),(181,167,3,'2023-03-09 17:03:00','2023-04-09 17:04:00',1,'2023-03-09 14:04:02','2023-03-09 14:04:02'),(182,166,3,'2023-03-09 17:04:00','2023-04-09 17:04:00',1,'2023-03-09 14:04:23','2023-03-09 14:04:23'),(183,168,3,'2023-03-13 21:42:00','2023-04-13 21:42:00',1,'2023-03-13 18:42:57','2023-03-13 18:42:57'),(184,169,3,'2023-03-14 10:48:00','2023-04-14 10:48:00',1,'2023-03-14 07:48:47','2023-03-14 07:48:47'),(185,171,3,'2023-03-16 11:35:00','2023-04-16 11:35:00',1,'2023-03-16 08:35:33','2023-03-16 08:35:33'),(186,170,3,'2023-03-16 11:35:00','2023-03-16 11:35:00',1,'2023-03-16 08:35:53','2023-03-16 08:35:53'),(187,172,1,'2023-03-17 12:13:00','2023-04-17 12:13:00',1,'2023-03-17 09:13:31','2023-03-17 09:13:31'),(188,173,3,'2023-03-20 10:34:00','2023-04-20 10:34:00',1,'2023-03-20 07:35:02','2023-03-20 07:35:02'),(189,174,3,'2023-03-21 11:06:00','2023-04-21 11:06:00',1,'2023-03-21 08:06:57','2023-03-21 08:06:57'),(190,175,3,'2023-03-21 11:07:00','2023-04-21 11:07:00',1,'2023-03-21 08:07:24','2023-03-21 08:07:24'),(191,177,3,'2023-03-23 10:49:00','2023-04-23 10:49:00',1,'2023-03-23 07:49:23','2023-03-23 07:49:23'),(192,176,3,'2023-03-23 10:49:00','2023-04-23 10:49:00',1,'2023-03-23 07:49:49','2023-03-23 07:49:49'),(193,178,3,'2023-03-29 14:25:00','2023-04-29 14:25:00',1,'2023-03-29 11:25:09','2023-03-29 11:25:09'),(194,179,3,'2023-03-29 14:27:00','2023-04-29 14:27:00',1,'2023-03-29 11:27:11','2023-03-29 11:27:11'),(195,181,3,'2023-03-30 10:26:00','2023-03-30 10:26:00',1,'2023-03-30 07:26:36','2023-03-30 07:26:36'),(196,180,3,'2023-03-30 10:26:00','2023-04-30 10:26:00',1,'2023-03-30 07:26:56','2023-03-30 07:26:56'),(197,182,3,'2023-03-30 10:57:00','2023-04-30 10:57:00',1,'2023-03-30 07:57:46','2023-03-30 07:57:46'),(198,183,3,'2023-03-31 10:41:00','2023-05-01 10:41:00',1,'2023-03-31 07:41:22','2023-03-31 07:41:22'),(199,185,3,'2023-04-03 11:23:00','2023-05-03 11:23:00',1,'2023-04-03 08:23:50','2023-04-03 08:23:50'),(200,187,3,'2023-04-04 13:12:00','2023-05-04 13:12:00',1,'2023-04-04 10:12:11','2023-04-04 10:12:11'),(201,186,3,'2023-04-04 13:20:00','2023-05-04 13:20:00',1,'2023-04-04 10:20:46','2023-04-04 10:20:46'),(202,188,3,'2023-04-05 15:56:00','2023-05-05 15:56:00',1,'2023-04-05 12:56:44','2023-04-05 12:56:57'),(203,189,3,'2023-04-05 22:42:00','2023-05-05 22:42:00',1,'2023-04-05 19:42:25','2023-04-05 19:42:25'),(204,188,3,NULL,NULL,NULL,'2023-04-08 07:57:09','2023-04-08 07:57:09'),(205,188,3,NULL,NULL,NULL,'2023-04-08 08:00:46','2023-04-08 08:00:46'),(206,188,3,NULL,NULL,NULL,'2023-04-08 08:05:28','2023-04-08 08:05:28'),(207,188,3,NULL,NULL,NULL,'2023-04-08 08:11:23','2023-04-08 08:11:23'),(208,190,3,'2023-04-18 09:49:00','2023-05-18 09:49:00',1,'2023-04-18 06:49:46','2023-04-18 06:49:46'),(209,192,3,'2023-04-18 13:26:00','2023-05-18 13:26:00',1,'2023-04-18 10:25:54','2023-04-18 10:25:54'),(210,191,3,'2023-04-18 13:26:00','2023-05-18 13:26:00',1,'2023-04-18 10:26:18','2023-04-18 10:26:18'),(211,193,3,'2023-04-19 09:37:00','2023-05-19 09:37:00',1,'2023-04-19 06:37:50','2023-04-19 06:37:50'),(212,194,3,'2023-04-19 21:38:00','2023-05-19 21:38:00',1,'2023-04-19 18:38:46','2023-04-19 18:38:46'),(213,195,3,'2023-04-25 17:20:00','2023-05-25 17:21:00',1,'2023-04-25 14:20:44','2023-04-25 14:20:44'),(214,198,3,'2023-05-04 19:59:00','2023-06-04 19:59:00',1,'2023-05-04 16:59:37','2023-05-04 16:59:37'),(215,199,3,'2023-05-04 20:00:00','2023-06-04 20:00:00',1,'2023-05-04 16:59:59','2023-05-04 16:59:59'),(216,201,3,'2023-05-09 09:48:00','2023-06-09 09:48:00',1,'2023-05-09 06:48:09','2023-05-09 06:48:09'),(217,200,3,'2023-05-09 09:48:00','2023-06-09 09:48:00',1,'2023-05-09 06:48:31','2023-05-09 06:48:31'),(218,202,3,'2023-05-11 11:23:00','2023-06-11 11:23:00',1,'2023-05-11 08:20:29','2023-05-11 08:22:57'),(219,204,3,'2023-05-11 11:22:00','2023-06-11 11:22:00',1,'2023-05-11 08:22:09','2023-05-11 08:22:09'),(220,203,3,'2023-05-11 11:22:00','2023-06-11 11:22:00',1,'2023-05-11 08:22:31','2023-05-11 08:22:31'),(221,205,3,'2023-05-13 16:23:00','2023-06-13 16:23:00',1,'2023-05-13 13:23:28','2023-05-13 13:23:28'),(222,71,6,'2023-05-15 23:03:00',NULL,1,'2023-05-15 20:02:43','2023-05-15 20:02:43'),(223,206,3,'2023-05-15 23:11:00','2023-06-15 23:11:00',1,'2023-05-15 20:11:18','2023-05-15 20:11:18'),(224,207,3,'2023-05-16 13:01:00','2023-06-16 13:01:00',1,'2023-05-16 10:01:16','2023-05-16 10:01:16'),(225,208,4,NULL,NULL,NULL,'2023-05-16 10:01:20','2023-05-16 10:01:20'),(226,208,1,NULL,NULL,NULL,'2023-05-16 10:07:39','2023-05-16 10:07:39'),(227,208,3,'2023-05-22 09:45:00','2023-06-22 09:45:00',1,'2023-05-16 10:09:07','2023-05-22 06:45:47'),(228,211,3,'2023-05-22 09:48:00','2023-09-30 09:48:00',1,'2023-05-22 06:48:42','2023-05-22 06:48:42'),(229,210,3,'2023-05-22 09:48:00','2023-09-30 09:49:00',1,'2023-05-22 06:49:05','2023-05-22 06:49:05'),(230,209,3,'2023-05-22 09:49:00','2023-09-30 09:49:00',1,'2023-05-22 06:49:30','2023-05-22 06:49:30');
/*!40000 ALTER TABLE `licences` ENABLE KEYS */;
UNLOCK TABLES;

--
-- Table structure for table `links`
--

DROP TABLE IF EXISTS `links`;
/*!40101 SET @saved_cs_client     = @@character_set_client */;
/*!50503 SET character_set_client = utf8mb4 */;
CREATE TABLE `links` (
  `id` bigint unsigned NOT NULL AUTO_INCREMENT,
  `created_at` timestamp NULL DEFAULT NULL,
  `updated_at` timestamp NULL DEFAULT NULL,
  `slug` varchar(255) CHARACTER SET utf8mb4 COLLATE utf8mb4_unicode_ci NOT NULL,
  `user_id` bigint unsigned NOT NULL,
  `course_id` bigint unsigned DEFAULT NULL,
  `lesson_id` bigint unsigned DEFAULT NULL,
  `limit` int DEFAULT NULL,
  `active` tinyint(1) DEFAULT NULL,
  PRIMARY KEY (`id`),
  UNIQUE KEY `links_slug_unique` (`slug`),
  KEY `links_user_id_foreign` (`user_id`),
  CONSTRAINT `links_user_id_foreign` FOREIGN KEY (`user_id`) REFERENCES `users` (`id`)
) ENGINE=InnoDB AUTO_INCREMENT=43 DEFAULT CHARSET=utf8mb4 COLLATE=utf8mb4_unicode_ci;
/*!40101 SET character_set_client = @saved_cs_client */;

--
-- Dumping data for table `links`
--

LOCK TABLES `links` WRITE;
/*!40000 ALTER TABLE `links` DISABLE KEYS */;
INSERT INTO `links` VALUES (10,'2022-08-26 15:02:39','2022-08-26 15:03:07','rwUYJP4tY',1,4,10,NULL,1),(11,'2022-08-26 15:02:58','2022-08-26 15:03:03','W7Xbz0PaP',1,NULL,NULL,NULL,1),(12,'2022-08-26 16:16:18','2022-08-27 12:22:35','dSbEGjFxb',1,8,36,NULL,1),(15,'2022-11-03 12:19:28','2022-11-03 12:19:35','tptjWlbvo',39,11,41,2,1),(16,'2022-11-03 12:25:00','2022-11-03 12:25:04','1jcmbMmeW',39,11,41,3,1),(17,'2022-11-03 14:35:23','2022-11-03 14:35:29','YBrHJw5zG',46,12,42,NULL,1),(18,'2022-11-03 14:55:25','2022-11-03 14:55:30','qOvQh8XMm',48,13,43,100,1),(19,'2022-11-03 16:54:29','2022-11-03 16:54:47','LaihyDutQ',46,NULL,45,100,1),(20,'2022-11-06 17:24:25','2022-11-11 14:12:00','OhP7KjDNP',46,NULL,46,NULL,1),(22,'2022-11-08 10:22:45','2022-11-08 10:22:51','pgyBXfsE5',61,15,49,10,1),(23,'2022-11-08 10:23:00','2022-11-08 10:23:00','uSNsArCj3',61,16,50,10,0),(24,'2022-11-11 14:41:39','2022-11-11 14:41:39','tlEa6gaer',1,NULL,NULL,NULL,0),(27,'2022-11-15 11:49:52','2022-11-15 11:49:56','dmjItHeQG',39,NULL,41,NULL,1),(28,'2022-11-15 11:52:42','2022-11-15 11:52:50','cAfIEschW',52,NULL,46,NULL,1),(29,'2022-11-15 12:15:36','2022-11-15 12:15:41','WTvKqYqQ7',39,NULL,41,NULL,1),(30,'2022-11-16 13:43:38','2022-11-16 13:43:38','xbaQoXV3B',46,NULL,52,NULL,0),(31,'2022-11-17 11:30:08','2022-11-17 11:30:08','Drwwk3PVw',39,11,41,NULL,0),(32,'2022-11-24 13:31:31','2022-11-24 13:41:44','hde0Xv2Oe',46,17,53,NULL,1),(33,'2022-11-25 09:37:52','2022-11-25 09:37:58','rYvpPxb60',39,11,41,NULL,1),(34,'2023-01-19 10:37:17','2023-01-19 10:37:17','AEJ5Ie0ji',57,NULL,59,1,0),(35,'2023-02-13 14:21:15','2023-02-13 14:21:15','XA6brDcJW',122,NULL,NULL,120,0),(36,'2023-02-21 09:10:54','2023-02-21 09:10:54','iRHB5FDr4',115,NULL,75,NULL,0),(37,'2023-02-22 12:48:10','2023-02-22 12:48:10','OWH879QuN',148,NULL,76,NULL,0),(38,'2023-03-02 07:18:27','2023-03-02 07:18:27','caVH2q2a2',159,NULL,79,24,0),(39,'2023-03-02 07:55:29','2023-03-02 07:55:29','3OIRJ5aCa',159,21,79,1,0),(40,'2023-03-21 07:13:35','2023-03-21 07:13:35','oRHBpHQVv',174,NULL,NULL,NULL,0),(41,'2023-05-22 07:08:47','2023-05-22 08:10:50','ukGDpJEM4',53,23,86,1000,1),(42,'2023-05-25 12:38:56','2023-05-25 12:38:56','Y1weh1vKb',53,24,55,NULL,0);
/*!40000 ALTER TABLE `links` ENABLE KEYS */;
UNLOCK TABLES;

--
-- Table structure for table `migrations`
--

DROP TABLE IF EXISTS `migrations`;
/*!40101 SET @saved_cs_client     = @@character_set_client */;
/*!50503 SET character_set_client = utf8mb4 */;
CREATE TABLE `migrations` (
  `id` int unsigned NOT NULL AUTO_INCREMENT,
  `migration` varchar(255) CHARACTER SET utf8mb4 COLLATE utf8mb4_unicode_ci NOT NULL,
  `batch` int NOT NULL,
  PRIMARY KEY (`id`)
) ENGINE=InnoDB AUTO_INCREMENT=30 DEFAULT CHARSET=utf8mb4 COLLATE=utf8mb4_unicode_ci;
/*!40101 SET character_set_client = @saved_cs_client */;

--
-- Dumping data for table `migrations`
--

LOCK TABLES `migrations` WRITE;
/*!40000 ALTER TABLE `migrations` DISABLE KEYS */;
INSERT INTO `migrations` VALUES (1,'2014_10_12_000000_create_users_table',1),(2,'2014_10_12_100000_create_password_resets_table',1),(3,'2019_08_19_000000_create_failed_jobs_table',1),(4,'2019_12_14_000001_create_personal_access_tokens_table',1),(5,'2020_03_31_114745_remove_backpackuser_model',1),(6,'2022_07_19_105136_create_permission_tables',1),(7,'2022_08_08_183538_create_licences_table',1),(8,'2022_08_08_183539_create_licence_types_table',1),(9,'2022_08_08_183540_create_courses_table',1),(10,'2022_08_08_183541_create_lessons_table',1),(11,'2022_08_08_183542_create_transactions_table',1),(12,'2022_08_08_183543_create_licence_user_table',1),(13,'2022_08_08_183544_create_course_user_table',1),(14,'2022_08_08_183545_create_lesson_user_table',1),(15,'2022_08_16_124711_add_board_to_licence_type_table',2),(16,'2022_08_16_132642_create_links_table',3),(22,'2022_08_26_132815_add_request_table',4),(24,'2022_08_26_132817_add_request_table',5),(25,'2022_10_24_085751_add_avatar_to_users_table',6),(26,'2022_11_10_074130_add_popup_to_licence_types_table',7),(27,'2022_11_10_144642_change_popup_field_on_licence_types_table',8),(28,'2022_11_10_151105_add_orders_table',8),(29,'2022_11_25_085210_add_tribuna_field_to_lessons_table',9);
/*!40000 ALTER TABLE `migrations` ENABLE KEYS */;
UNLOCK TABLES;

--
-- Table structure for table `model_has_permissions`
--

DROP TABLE IF EXISTS `model_has_permissions`;
/*!40101 SET @saved_cs_client     = @@character_set_client */;
/*!50503 SET character_set_client = utf8mb4 */;
CREATE TABLE `model_has_permissions` (
  `permission_id` bigint unsigned NOT NULL,
  `model_type` varchar(255) CHARACTER SET utf8mb4 COLLATE utf8mb4_unicode_ci NOT NULL,
  `model_id` bigint unsigned NOT NULL,
  PRIMARY KEY (`permission_id`,`model_id`,`model_type`),
  KEY `model_has_permissions_model_id_model_type_index` (`model_id`,`model_type`),
  CONSTRAINT `model_has_permissions_permission_id_foreign` FOREIGN KEY (`permission_id`) REFERENCES `permissions` (`id`) ON DELETE CASCADE
) ENGINE=InnoDB DEFAULT CHARSET=utf8mb4 COLLATE=utf8mb4_unicode_ci;
/*!40101 SET character_set_client = @saved_cs_client */;

--
-- Dumping data for table `model_has_permissions`
--

LOCK TABLES `model_has_permissions` WRITE;
/*!40000 ALTER TABLE `model_has_permissions` DISABLE KEYS */;
/*!40000 ALTER TABLE `model_has_permissions` ENABLE KEYS */;
UNLOCK TABLES;

--
-- Table structure for table `model_has_roles`
--

DROP TABLE IF EXISTS `model_has_roles`;
/*!40101 SET @saved_cs_client     = @@character_set_client */;
/*!50503 SET character_set_client = utf8mb4 */;
CREATE TABLE `model_has_roles` (
  `role_id` bigint unsigned NOT NULL,
  `model_type` varchar(255) CHARACTER SET utf8mb4 COLLATE utf8mb4_unicode_ci NOT NULL,
  `model_id` bigint unsigned NOT NULL,
  PRIMARY KEY (`role_id`,`model_id`,`model_type`),
  KEY `model_has_roles_model_id_model_type_index` (`model_id`,`model_type`),
  CONSTRAINT `model_has_roles_role_id_foreign` FOREIGN KEY (`role_id`) REFERENCES `roles` (`id`) ON DELETE CASCADE
) ENGINE=InnoDB DEFAULT CHARSET=utf8mb4 COLLATE=utf8mb4_unicode_ci;
/*!40101 SET character_set_client = @saved_cs_client */;

--
-- Dumping data for table `model_has_roles`
--

LOCK TABLES `model_has_roles` WRITE;
/*!40000 ALTER TABLE `model_has_roles` DISABLE KEYS */;
INSERT INTO `model_has_roles` VALUES (3,'App\\Models\\User',1),(2,'App\\Models\\User',2),(2,'App\\Models\\User',3),(1,'App\\Models\\User',4),(2,'App\\Models\\User',5),(2,'App\\Models\\User',6),(2,'App\\Models\\User',7),(2,'App\\Models\\User',8),(2,'App\\Models\\User',9),(1,'App\\Models\\User',10),(2,'App\\Models\\User',11),(2,'App\\Models\\User',12),(2,'App\\Models\\User',13),(2,'App\\Models\\User',14),(2,'App\\Models\\User',15),(2,'App\\Models\\User',16),(2,'App\\Models\\User',17),(2,'App\\Models\\User',18),(2,'App\\Models\\User',19),(2,'App\\Models\\User',20),(2,'App\\Models\\User',21),(2,'App\\Models\\User',22),(2,'App\\Models\\User',23),(2,'App\\Models\\User',24),(2,'App\\Models\\User',25),(1,'App\\Models\\User',26),(2,'App\\Models\\User',27),(2,'App\\Models\\User',28),(2,'App\\Models\\User',29),(2,'App\\Models\\User',30),(2,'App\\Models\\User',31),(2,'App\\Models\\User',32),(2,'App\\Models\\User',33),(2,'App\\Models\\User',34),(2,'App\\Models\\User',35),(2,'App\\Models\\User',36),(1,'App\\Models\\User',37),(2,'App\\Models\\User',38),(1,'App\\Models\\User',39),(2,'App\\Models\\User',40),(1,'App\\Models\\User',41),(1,'App\\Models\\User',43),(1,'App\\Models\\User',45),(1,'App\\Models\\User',46),(1,'App\\Models\\User',48),(2,'App\\Models\\User',49),(2,'App\\Models\\User',50),(2,'App\\Models\\User',51),(2,'App\\Models\\User',52),(1,'App\\Models\\User',53),(2,'App\\Models\\User',54),(2,'App\\Models\\User',55),(2,'App\\Models\\User',56),(1,'App\\Models\\User',57),(2,'App\\Models\\User',58),(1,'App\\Models\\User',59),(2,'App\\Models\\User',60),(1,'App\\Models\\User',61),(2,'App\\Models\\User',62),(2,'App\\Models\\User',65),(1,'App\\Models\\User',66),(2,'App\\Models\\User',67),(1,'App\\Models\\User',68),(1,'App\\Models\\User',69),(2,'App\\Models\\User',70),(1,'App\\Models\\User',71),(1,'App\\Models\\User',72),(2,'App\\Models\\User',73),(1,'App\\Models\\User',80),(2,'App\\Models\\User',85),(2,'App\\Models\\User',86),(2,'App\\Models\\User',90),(1,'App\\Models\\User',93),(2,'App\\Models\\User',94),(1,'App\\Models\\User',95),(1,'App\\Models\\User',96),(1,'App\\Models\\User',97),(1,'App\\Models\\User',98),(1,'App\\Models\\User',99),(1,'App\\Models\\User',100),(1,'App\\Models\\User',101),(1,'App\\Models\\User',102),(1,'App\\Models\\User',103),(1,'App\\Models\\User',104),(2,'App\\Models\\User',105),(1,'App\\Models\\User',106),(1,'App\\Models\\User',107),(1,'App\\Models\\User',108),(1,'App\\Models\\User',109),(1,'App\\Models\\User',110),(1,'App\\Models\\User',112),(1,'App\\Models\\User',113),(1,'App\\Models\\User',114),(1,'App\\Models\\User',115),(1,'App\\Models\\User',116),(1,'App\\Models\\User',117),(1,'App\\Models\\User',118),(1,'App\\Models\\User',119),(1,'App\\Models\\User',120),(1,'App\\Models\\User',121),(1,'App\\Models\\User',122),(2,'App\\Models\\User',123),(2,'App\\Models\\User',124),(1,'App\\Models\\User',125),(1,'App\\Models\\User',126),(1,'App\\Models\\User',127),(1,'App\\Models\\User',128),(1,'App\\Models\\User',129),(1,'App\\Models\\User',130),(1,'App\\Models\\User',131),(1,'App\\Models\\User',132),(1,'App\\Models\\User',133),(1,'App\\Models\\User',134),(1,'App\\Models\\User',135),(1,'App\\Models\\User',136),(1,'App\\Models\\User',137),(1,'App\\Models\\User',138),(1,'App\\Models\\User',139),(1,'App\\Models\\User',140),(1,'App\\Models\\User',142),(1,'App\\Models\\User',143),(1,'App\\Models\\User',146),(1,'App\\Models\\User',148),(1,'App\\Models\\User',149),(1,'App\\Models\\User',150),(1,'App\\Models\\User',151),(1,'App\\Models\\User',152),(1,'App\\Models\\User',153),(1,'App\\Models\\User',154),(1,'App\\Models\\User',155),(1,'App\\Models\\User',156),(1,'App\\Models\\User',157),(1,'App\\Models\\User',158),(1,'App\\Models\\User',159),(1,'App\\Models\\User',160),(1,'App\\Models\\User',161),(1,'App\\Models\\User',162),(1,'App\\Models\\User',163),(1,'App\\Models\\User',164),(1,'App\\Models\\User',165),(1,'App\\Models\\User',166),(1,'App\\Models\\User',167),(1,'App\\Models\\User',168),(1,'App\\Models\\User',169),(1,'App\\Models\\User',170),(1,'App\\Models\\User',171),(1,'App\\Models\\User',172),(1,'App\\Models\\User',173),(1,'App\\Models\\User',174),(1,'App\\Models\\User',175),(1,'App\\Models\\User',176),(1,'App\\Models\\User',177),(1,'App\\Models\\User',178),(1,'App\\Models\\User',179),(1,'App\\Models\\User',180),(1,'App\\Models\\User',181),(1,'App\\Models\\User',182),(1,'App\\Models\\User',183),(1,'App\\Models\\User',184),(1,'App\\Models\\User',185),(1,'App\\Models\\User',186),(1,'App\\Models\\User',187),(1,'App\\Models\\User',188),(1,'App\\Models\\User',189),(1,'App\\Models\\User',190),(1,'App\\Models\\User',191),(1,'App\\Models\\User',192),(1,'App\\Models\\User',193),(1,'App\\Models\\User',194),(1,'App\\Models\\User',195),(1,'App\\Models\\User',196),(1,'App\\Models\\User',197),(1,'App\\Models\\User',198),(1,'App\\Models\\User',199),(1,'App\\Models\\User',200),(1,'App\\Models\\User',201),(1,'App\\Models\\User',202),(1,'App\\Models\\User',203),(1,'App\\Models\\User',204),(1,'App\\Models\\User',205),(1,'App\\Models\\User',206),(1,'App\\Models\\User',207),(1,'App\\Models\\User',208),(2,'App\\Models\\User',209),(2,'App\\Models\\User',210),(2,'App\\Models\\User',211);
/*!40000 ALTER TABLE `model_has_roles` ENABLE KEYS */;
UNLOCK TABLES;

--
-- Table structure for table `orders`
--

DROP TABLE IF EXISTS `orders`;
/*!40101 SET @saved_cs_client     = @@character_set_client */;
/*!50503 SET character_set_client = utf8mb4 */;
CREATE TABLE `orders` (
  `id` bigint unsigned NOT NULL AUTO_INCREMENT,
  `user_id` bigint unsigned NOT NULL,
  `licence_id` bigint unsigned NOT NULL,
  `transaction_id` bigint unsigned NOT NULL,
  `status` tinyint(1) DEFAULT NULL,
  `created_at` timestamp NULL DEFAULT NULL,
  `updated_at` timestamp NULL DEFAULT NULL,
  PRIMARY KEY (`id`),
  KEY `orders_user_id_foreign` (`user_id`),
  KEY `orders_licence_id_foreign` (`licence_id`),
  KEY `orders_transaction_id_foreign` (`transaction_id`),
  CONSTRAINT `orders_licence_id_foreign` FOREIGN KEY (`licence_id`) REFERENCES `licences` (`id`),
  CONSTRAINT `orders_transaction_id_foreign` FOREIGN KEY (`transaction_id`) REFERENCES `transactions` (`id`),
  CONSTRAINT `orders_user_id_foreign` FOREIGN KEY (`user_id`) REFERENCES `users` (`id`)
) ENGINE=InnoDB AUTO_INCREMENT=74 DEFAULT CHARSET=utf8mb4 COLLATE=utf8mb4_unicode_ci;
/*!40101 SET character_set_client = @saved_cs_client */;

--
-- Dumping data for table `orders`
--

LOCK TABLES `orders` WRITE;
/*!40000 ALTER TABLE `orders` DISABLE KEYS */;
INSERT INTO `orders` VALUES (1,1,53,12,NULL,'2022-11-16 16:57:39','2022-11-16 16:57:39'),(2,26,54,13,NULL,'2022-11-16 16:57:49','2022-11-16 16:57:49'),(3,1,55,14,NULL,'2022-11-16 20:45:18','2022-11-16 20:45:18'),(4,1,56,15,NULL,'2022-11-16 20:45:36','2022-11-16 20:45:36'),(5,1,57,16,NULL,'2022-11-17 11:27:03','2022-11-17 11:27:03'),(6,39,58,17,NULL,'2022-11-17 11:43:00','2022-11-17 11:43:00'),(7,1,59,18,NULL,'2022-11-19 09:18:39','2022-11-19 09:18:39'),(8,1,60,19,NULL,'2022-11-21 22:08:01','2022-11-21 22:08:01'),(9,46,61,20,NULL,'2022-11-23 09:04:03','2022-11-23 09:04:03'),(10,46,62,21,NULL,'2022-11-23 09:04:20','2022-11-23 09:04:20'),(11,46,63,22,NULL,'2022-11-24 09:30:48','2022-11-24 09:30:48'),(12,1,64,23,NULL,'2022-11-24 11:00:47','2022-11-24 11:00:47'),(13,1,65,24,NULL,'2022-11-24 11:00:56','2022-11-24 11:00:56'),(14,1,66,25,NULL,'2022-11-24 21:14:12','2022-11-24 21:14:12'),(15,1,67,26,NULL,'2022-11-25 09:01:17','2022-11-25 09:01:17'),(16,39,68,27,NULL,'2022-11-25 13:06:54','2022-11-25 13:06:54'),(17,39,69,28,NULL,'2022-11-27 00:04:24','2022-11-27 00:04:24'),(18,1,70,29,NULL,'2022-11-28 04:21:25','2022-11-28 04:21:25'),(19,1,71,30,NULL,'2022-12-05 11:43:33','2022-12-05 11:43:33'),(20,46,72,31,NULL,'2022-12-05 19:59:48','2022-12-05 19:59:48'),(21,39,73,32,NULL,'2022-12-05 21:02:42','2022-12-05 21:02:42'),(22,39,74,33,NULL,'2022-12-06 10:21:23','2022-12-06 10:21:23'),(23,1,75,34,NULL,'2022-12-06 15:42:58','2022-12-06 15:42:58'),(24,1,76,35,NULL,'2022-12-06 15:48:55','2022-12-06 15:48:55'),(25,1,77,36,NULL,'2022-12-07 12:25:22','2022-12-07 12:25:22'),(26,1,78,37,NULL,'2022-12-07 12:25:44','2022-12-07 12:25:44'),(27,1,79,38,NULL,'2022-12-07 12:26:33','2022-12-07 12:26:33'),(28,1,80,39,NULL,'2022-12-07 12:27:00','2022-12-07 12:27:00'),(29,1,81,40,NULL,'2022-12-07 12:27:57','2022-12-07 12:27:57'),(30,1,82,41,NULL,'2022-12-07 12:27:58','2022-12-07 12:27:58'),(31,1,83,42,NULL,'2022-12-07 12:28:05','2022-12-07 12:28:05'),(32,1,84,43,NULL,'2022-12-07 12:28:12','2022-12-07 12:28:12'),(33,1,85,44,NULL,'2022-12-07 12:29:31','2022-12-07 12:29:31'),(34,1,86,45,NULL,'2022-12-07 12:31:43','2022-12-07 12:31:43'),(35,1,87,46,NULL,'2022-12-07 12:33:31','2022-12-07 12:33:31'),(36,1,88,47,NULL,'2022-12-07 14:42:40','2022-12-07 14:42:40'),(37,1,89,48,NULL,'2022-12-07 14:51:03','2022-12-07 14:51:03'),(38,1,90,49,NULL,'2022-12-08 14:20:15','2022-12-08 14:20:15'),(39,46,91,50,NULL,'2022-12-09 09:19:28','2022-12-09 09:19:28'),(40,1,96,51,NULL,'2022-12-13 05:07:17','2022-12-13 05:07:17'),(41,1,97,52,NULL,'2022-12-13 05:07:19','2022-12-13 05:07:19'),(42,1,98,53,NULL,'2022-12-13 07:45:19','2022-12-13 07:45:19'),(43,1,99,54,NULL,'2022-12-14 07:32:39','2022-12-14 07:32:39'),(44,39,100,55,NULL,'2022-12-14 22:00:22','2022-12-14 22:00:22'),(45,1,101,56,NULL,'2022-12-15 15:04:39','2022-12-15 15:04:39'),(46,1,102,57,NULL,'2022-12-15 15:04:48','2022-12-15 15:04:48'),(47,39,103,58,NULL,'2022-12-15 22:38:29','2022-12-15 22:38:29'),(48,1,104,59,NULL,'2022-12-16 09:50:12','2022-12-16 09:50:12'),(49,39,107,60,NULL,'2022-12-26 12:41:43','2022-12-26 12:41:43'),(50,39,108,61,NULL,'2022-12-27 16:19:28','2022-12-27 16:19:28'),(51,39,109,62,NULL,'2022-12-30 02:15:51','2022-12-30 02:15:51'),(52,39,110,63,NULL,'2023-01-04 21:19:25','2023-01-04 21:19:25'),(53,39,114,64,NULL,'2023-01-17 07:07:12','2023-01-17 07:07:12'),(54,39,115,65,NULL,'2023-01-17 12:50:45','2023-01-17 12:50:45'),(55,39,116,66,NULL,'2023-01-26 14:39:09','2023-01-26 14:39:09'),(56,108,120,67,NULL,'2023-02-06 09:24:54','2023-02-06 09:24:54'),(57,118,132,68,NULL,'2023-02-09 07:25:53','2023-02-09 07:25:53'),(58,117,133,69,NULL,'2023-02-09 07:39:29','2023-02-09 07:39:29'),(59,1,150,70,NULL,'2023-02-17 08:00:12','2023-02-17 08:00:12'),(60,142,153,71,NULL,'2023-02-20 10:48:33','2023-02-20 10:48:33'),(61,144,155,72,NULL,'2023-02-21 08:31:20','2023-02-21 08:31:20'),(62,155,167,73,NULL,'2023-02-27 13:36:32','2023-02-27 13:36:32'),(63,143,169,74,NULL,'2023-03-01 19:02:39','2023-03-01 19:02:39'),(64,159,174,75,NULL,'2023-03-02 08:14:41','2023-03-02 08:14:41'),(65,159,175,76,NULL,'2023-03-02 08:14:44','2023-03-02 08:14:44'),(66,188,204,77,NULL,'2023-04-08 07:57:09','2023-04-08 07:57:09'),(67,188,205,78,NULL,'2023-04-08 08:00:46','2023-04-08 08:00:46'),(68,188,206,79,NULL,'2023-04-08 08:05:28','2023-04-08 08:05:28'),(69,188,207,80,NULL,'2023-04-08 08:11:23','2023-04-08 08:11:23'),(70,202,218,81,NULL,'2023-05-11 08:20:29','2023-05-11 08:20:29'),(71,208,225,82,NULL,'2023-05-16 10:01:20','2023-05-16 10:01:20'),(72,208,226,83,NULL,'2023-05-16 10:07:39','2023-05-16 10:07:39'),(73,208,227,84,NULL,'2023-05-16 10:09:07','2023-05-16 10:09:07');
/*!40000 ALTER TABLE `orders` ENABLE KEYS */;
UNLOCK TABLES;

--
-- Table structure for table `password_resets`
--

DROP TABLE IF EXISTS `password_resets`;
/*!40101 SET @saved_cs_client     = @@character_set_client */;
/*!50503 SET character_set_client = utf8mb4 */;
CREATE TABLE `password_resets` (
  `email` varchar(255) CHARACTER SET utf8mb4 COLLATE utf8mb4_unicode_ci NOT NULL,
  `token` varchar(255) CHARACTER SET utf8mb4 COLLATE utf8mb4_unicode_ci NOT NULL,
  `created_at` timestamp NULL DEFAULT NULL,
  KEY `password_resets_email_index` (`email`)
) ENGINE=InnoDB DEFAULT CHARSET=utf8mb4 COLLATE=utf8mb4_unicode_ci;
/*!40101 SET character_set_client = @saved_cs_client */;

--
-- Dumping data for table `password_resets`
--

LOCK TABLES `password_resets` WRITE;
/*!40000 ALTER TABLE `password_resets` DISABLE KEYS */;
INSERT INTO `password_resets` VALUES ('admin@admin.com','$2y$10$H.Toq8ZDbL5GcFYndrCyWeaWuQ9qtoEPyoNs/.eCAQZ8imYu3/M4e','2022-11-14 11:13:48'),('natcir@yandex.ru','$2y$10$RVuH0dYyw0qCoB.OYLzrc.ZbIpm7mXVaWQqSLjNW9MmHkw5a3ytg.','2023-02-14 19:20:06'),('e_serebrova@mail.ru','$2y$10$qUtyRAqzmK1MZpb0SLqoKeVcDzhepvTKc7mfZ/joJFrV8tjXACJ6u','2023-05-05 04:41:49'),('samsonov@slb2b.ru','$2y$10$xQjViixnhMuSJvKQEvQHiub62GhYswhnDTND6arKmOPQQHtE7nUli','2023-05-22 07:13:27'),('nehama@mail.ru','$2y$10$Rv5vXCr4hFYOEnV1mmRjZOfD51tdfSwGpH4YvZE/tnLJEXlymFmRe','2023-05-22 11:39:37');
/*!40000 ALTER TABLE `password_resets` ENABLE KEYS */;
UNLOCK TABLES;

--
-- Table structure for table `permissions`
--

DROP TABLE IF EXISTS `permissions`;
/*!40101 SET @saved_cs_client     = @@character_set_client */;
/*!50503 SET character_set_client = utf8mb4 */;
CREATE TABLE `permissions` (
  `id` bigint unsigned NOT NULL AUTO_INCREMENT,
  `name` varchar(255) CHARACTER SET utf8mb4 COLLATE utf8mb4_unicode_ci NOT NULL,
  `guard_name` varchar(255) CHARACTER SET utf8mb4 COLLATE utf8mb4_unicode_ci NOT NULL,
  `created_at` timestamp NULL DEFAULT NULL,
  `updated_at` timestamp NULL DEFAULT NULL,
  PRIMARY KEY (`id`),
  UNIQUE KEY `permissions_name_guard_name_unique` (`name`,`guard_name`)
) ENGINE=InnoDB AUTO_INCREMENT=4 DEFAULT CHARSET=utf8mb4 COLLATE=utf8mb4_unicode_ci;
/*!40101 SET character_set_client = @saved_cs_client */;

--
-- Dumping data for table `permissions`
--

LOCK TABLES `permissions` WRITE;
/*!40000 ALTER TABLE `permissions` DISABLE KEYS */;
/*!40000 ALTER TABLE `permissions` ENABLE KEYS */;
UNLOCK TABLES;

--
-- Table structure for table `personal_access_tokens`
--

DROP TABLE IF EXISTS `personal_access_tokens`;
/*!40101 SET @saved_cs_client     = @@character_set_client */;
/*!50503 SET character_set_client = utf8mb4 */;
CREATE TABLE `personal_access_tokens` (
  `id` bigint unsigned NOT NULL AUTO_INCREMENT,
  `tokenable_type` varchar(255) CHARACTER SET utf8mb4 COLLATE utf8mb4_unicode_ci NOT NULL,
  `tokenable_id` bigint unsigned NOT NULL,
  `name` varchar(255) CHARACTER SET utf8mb4 COLLATE utf8mb4_unicode_ci NOT NULL,
  `token` varchar(64) CHARACTER SET utf8mb4 COLLATE utf8mb4_unicode_ci NOT NULL,
  `abilities` text CHARACTER SET utf8mb4 COLLATE utf8mb4_unicode_ci,
  `last_used_at` timestamp NULL DEFAULT NULL,
  `created_at` timestamp NULL DEFAULT NULL,
  `updated_at` timestamp NULL DEFAULT NULL,
  PRIMARY KEY (`id`),
  UNIQUE KEY `personal_access_tokens_token_unique` (`token`),
  KEY `personal_access_tokens_tokenable_type_tokenable_id_index` (`tokenable_type`,`tokenable_id`)
) ENGINE=InnoDB DEFAULT CHARSET=utf8mb4 COLLATE=utf8mb4_unicode_ci;
/*!40101 SET character_set_client = @saved_cs_client */;

--
-- Dumping data for table `personal_access_tokens`
--

LOCK TABLES `personal_access_tokens` WRITE;
/*!40000 ALTER TABLE `personal_access_tokens` DISABLE KEYS */;
/*!40000 ALTER TABLE `personal_access_tokens` ENABLE KEYS */;
UNLOCK TABLES;

--
-- Table structure for table `requests`
--

DROP TABLE IF EXISTS `requests`;
/*!40101 SET @saved_cs_client     = @@character_set_client */;
/*!50503 SET character_set_client = utf8mb4 */;
CREATE TABLE `requests` (
  `id` bigint unsigned NOT NULL AUTO_INCREMENT,
  `owner_id` bigint unsigned NOT NULL,
  `user_id` bigint unsigned DEFAULT NULL,
  `link_id` bigint unsigned NOT NULL,
  `status` enum('new','accepted','ignored') CHARACTER SET utf8mb4 COLLATE utf8mb4_unicode_ci NOT NULL DEFAULT 'new',
  `created_at` timestamp NULL DEFAULT NULL,
  `updated_at` timestamp NULL DEFAULT NULL,
  PRIMARY KEY (`id`),
  KEY `requests_owner_id_foreign` (`owner_id`),
  KEY `requests_user_id_foreign` (`user_id`),
  KEY `requests_link_id_foreign` (`link_id`),
  CONSTRAINT `requests_link_id_foreign` FOREIGN KEY (`link_id`) REFERENCES `links` (`id`) ON DELETE CASCADE,
  CONSTRAINT `requests_owner_id_foreign` FOREIGN KEY (`owner_id`) REFERENCES `users` (`id`),
  CONSTRAINT `requests_user_id_foreign` FOREIGN KEY (`user_id`) REFERENCES `users` (`id`)
) ENGINE=InnoDB AUTO_INCREMENT=64 DEFAULT CHARSET=utf8mb4 COLLATE=utf8mb4_unicode_ci;
/*!40101 SET character_set_client = @saved_cs_client */;

--
-- Dumping data for table `requests`
--

LOCK TABLES `requests` WRITE;
/*!40000 ALTER TABLE `requests` DISABLE KEYS */;
INSERT INTO `requests` VALUES (12,39,40,15,'accepted','2022-11-03 12:20:26','2022-11-03 12:21:08'),(13,39,40,16,'accepted','2022-11-03 12:26:12','2022-11-03 12:26:32'),(14,39,40,16,'accepted','2022-11-03 12:48:54','2022-11-03 12:49:01'),(15,46,47,17,'accepted','2022-11-03 14:42:28','2022-11-03 14:42:44'),(16,48,49,18,'accepted','2022-11-03 14:57:22','2022-11-03 15:13:11'),(17,46,51,17,'accepted','2022-11-03 15:18:27','2022-11-03 15:19:27'),(18,46,50,17,'accepted','2022-11-03 15:18:33','2022-11-03 15:19:36'),(19,46,52,17,'accepted','2022-11-03 15:20:30','2022-11-03 15:21:54'),(20,46,53,17,'accepted','2022-11-03 15:21:37','2022-11-03 15:21:48'),(21,46,54,17,'accepted','2022-11-03 15:22:01','2022-11-03 15:22:31'),(22,46,53,20,'accepted','2022-11-06 17:29:14','2022-11-06 17:29:22'),(25,1,65,12,'accepted','2022-11-11 13:21:15','2022-11-11 13:21:25'),(26,1,67,24,'accepted','2022-11-11 14:43:25','2022-11-11 14:45:43'),(32,39,76,27,'ignored','2022-11-15 11:50:51','2022-11-15 12:19:31'),(33,39,76,27,'accepted','2022-11-15 12:22:59','2022-11-16 06:22:35'),(36,39,85,29,'new','2022-11-21 17:10:23','2022-11-21 17:10:23'),(37,46,53,32,'accepted','2022-11-24 13:37:16','2022-11-24 14:33:10'),(38,46,46,32,'accepted','2022-11-24 14:37:05','2022-11-24 14:37:24'),(39,46,46,32,'ignored','2022-11-24 14:37:47','2022-11-24 14:41:00'),(40,46,86,32,'accepted','2022-11-24 14:40:15','2022-11-24 14:40:52'),(45,39,94,33,'accepted','2022-12-05 13:05:03','2022-12-05 13:06:29'),(46,57,105,34,'accepted','2023-01-19 10:39:05','2023-01-19 10:39:16'),(47,122,124,35,'accepted','2023-02-13 14:25:06','2023-02-13 14:38:43'),(48,53,54,41,'ignored','2023-05-22 07:17:24','2023-05-22 07:37:55'),(49,53,54,41,'ignored','2023-05-22 07:21:38','2023-05-22 07:43:59'),(50,53,54,41,'accepted','2023-05-22 07:33:48','2023-05-22 08:01:57'),(51,53,53,41,'accepted','2023-05-22 07:53:55','2023-05-22 07:53:59'),(52,53,54,41,'accepted','2023-05-22 07:54:21','2023-05-22 08:01:44'),(53,53,54,41,'accepted','2023-05-22 08:12:13','2023-05-22 08:12:47'),(54,53,209,41,'accepted','2023-05-22 08:45:22','2023-05-22 12:53:41'),(55,53,51,41,'accepted','2023-05-22 12:45:33','2023-05-22 12:53:41'),(56,53,54,41,'accepted','2023-05-22 12:51:36','2023-05-22 12:53:59'),(57,53,51,41,'accepted','2023-05-22 12:58:37','2023-05-22 14:38:49'),(58,53,52,41,'accepted','2023-05-22 12:58:48','2023-05-22 14:37:20'),(59,53,51,41,'accepted','2023-05-22 14:24:02','2023-05-22 14:38:57'),(60,53,54,41,'accepted','2023-05-22 14:32:04','2023-05-22 14:39:06'),(61,53,54,41,'accepted','2023-05-22 14:51:50','2023-05-22 14:53:10'),(62,53,54,41,'accepted','2023-05-24 12:34:02','2023-05-24 12:36:15'),(63,53,51,41,'new','2023-05-25 17:01:54','2023-05-25 17:01:54');
/*!40000 ALTER TABLE `requests` ENABLE KEYS */;
UNLOCK TABLES;

--
-- Table structure for table `role_has_permissions`
--

DROP TABLE IF EXISTS `role_has_permissions`;
/*!40101 SET @saved_cs_client     = @@character_set_client */;
/*!50503 SET character_set_client = utf8mb4 */;
CREATE TABLE `role_has_permissions` (
  `permission_id` bigint unsigned NOT NULL,
  `role_id` bigint unsigned NOT NULL,
  PRIMARY KEY (`permission_id`,`role_id`),
  KEY `role_has_permissions_role_id_foreign` (`role_id`),
  CONSTRAINT `role_has_permissions_permission_id_foreign` FOREIGN KEY (`permission_id`) REFERENCES `permissions` (`id`) ON DELETE CASCADE,
  CONSTRAINT `role_has_permissions_role_id_foreign` FOREIGN KEY (`role_id`) REFERENCES `roles` (`id`) ON DELETE CASCADE
) ENGINE=InnoDB DEFAULT CHARSET=utf8mb4 COLLATE=utf8mb4_unicode_ci;
/*!40101 SET character_set_client = @saved_cs_client */;

--
-- Dumping data for table `role_has_permissions`
--

LOCK TABLES `role_has_permissions` WRITE;
/*!40000 ALTER TABLE `role_has_permissions` DISABLE KEYS */;
/*!40000 ALTER TABLE `role_has_permissions` ENABLE KEYS */;
UNLOCK TABLES;

--
-- Table structure for table `roles`
--

DROP TABLE IF EXISTS `roles`;
/*!40101 SET @saved_cs_client     = @@character_set_client */;
/*!50503 SET character_set_client = utf8mb4 */;
CREATE TABLE `roles` (
  `id` bigint unsigned NOT NULL AUTO_INCREMENT,
  `name` varchar(255) CHARACTER SET utf8mb4 COLLATE utf8mb4_unicode_ci NOT NULL,
  `guard_name` varchar(255) CHARACTER SET utf8mb4 COLLATE utf8mb4_unicode_ci NOT NULL,
  `created_at` timestamp NULL DEFAULT NULL,
  `updated_at` timestamp NULL DEFAULT NULL,
  PRIMARY KEY (`id`),
  UNIQUE KEY `roles_name_guard_name_unique` (`name`,`guard_name`)
) ENGINE=InnoDB AUTO_INCREMENT=5 DEFAULT CHARSET=utf8mb4 COLLATE=utf8mb4_unicode_ci;
/*!40101 SET character_set_client = @saved_cs_client */;

--
-- Dumping data for table `roles`
--

LOCK TABLES `roles` WRITE;
/*!40000 ALTER TABLE `roles` DISABLE KEYS */;
INSERT INTO `roles` VALUES (1,'owner','web','2022-08-08 19:16:58','2022-08-14 13:12:40'),(2,'user','web','2022-08-08 19:17:12','2022-08-15 11:40:26'),(3,'admin','web','2022-08-08 19:17:22','2022-08-15 11:40:12');
/*!40000 ALTER TABLE `roles` ENABLE KEYS */;
UNLOCK TABLES;

--
-- Table structure for table `transactions`
--

DROP TABLE IF EXISTS `transactions`;
/*!40101 SET @saved_cs_client     = @@character_set_client */;
/*!50503 SET character_set_client = utf8mb4 */;
CREATE TABLE `transactions` (
  `id` bigint unsigned NOT NULL AUTO_INCREMENT,
  `amount` decimal(8,2) DEFAULT NULL,
  `tx` varchar(255) CHARACTER SET utf8mb4 COLLATE utf8mb4_unicode_ci DEFAULT NULL,
  `type` enum('deposit','buy') CHARACTER SET utf8mb4 COLLATE utf8mb4_unicode_ci NOT NULL,
  `desc` varchar(255) CHARACTER SET utf8mb4 COLLATE utf8mb4_unicode_ci DEFAULT NULL,
  `user_id` bigint unsigned DEFAULT NULL,
  `licence_id` bigint unsigned DEFAULT NULL,
  `status` enum('pending','successful','failed') CHARACTER SET utf8mb4 COLLATE utf8mb4_unicode_ci NOT NULL,
  `created_at` timestamp NULL DEFAULT NULL,
  `updated_at` timestamp NULL DEFAULT NULL,
  PRIMARY KEY (`id`),
  KEY `transactions_user_id_foreign` (`user_id`),
  KEY `transactions_licence_id_foreign` (`licence_id`),
  CONSTRAINT `transactions_licence_id_foreign` FOREIGN KEY (`licence_id`) REFERENCES `licences` (`id`),
  CONSTRAINT `transactions_user_id_foreign` FOREIGN KEY (`user_id`) REFERENCES `users` (`id`)
) ENGINE=InnoDB AUTO_INCREMENT=85 DEFAULT CHARSET=utf8mb4 COLLATE=utf8mb4_unicode_ci;
/*!40101 SET character_set_client = @saved_cs_client */;

--
-- Dumping data for table `transactions`
--

LOCK TABLES `transactions` WRITE;
/*!40000 ALTER TABLE `transactions` DISABLE KEYS */;
INSERT INTO `transactions` VALUES (1,500000.00,NULL,'buy',NULL,26,NULL,'pending','2022-11-16 16:52:44','2022-11-16 16:52:44'),(2,500000.00,NULL,'buy',NULL,26,NULL,'pending','2022-11-16 16:52:49','2022-11-16 16:52:49'),(3,500000.00,NULL,'buy',NULL,26,NULL,'pending','2022-11-16 16:53:13','2022-11-16 16:53:13'),(4,500000.00,NULL,'buy',NULL,1,NULL,'pending','2022-11-16 16:53:54','2022-11-16 16:53:54'),(5,500000.00,NULL,'buy',NULL,1,NULL,'pending','2022-11-16 16:53:58','2022-11-16 16:53:58'),(6,500000.00,NULL,'buy',NULL,1,NULL,'pending','2022-11-16 16:54:02','2022-11-16 16:54:02'),(7,500000.00,NULL,'buy',NULL,1,NULL,'pending','2022-11-16 16:54:08','2022-11-16 16:54:08'),(8,500000.00,NULL,'buy',NULL,1,NULL,'pending','2022-11-16 16:54:09','2022-11-16 16:54:09'),(9,500000.00,NULL,'buy',NULL,1,NULL,'pending','2022-11-16 16:54:09','2022-11-16 16:54:09'),(10,500000.00,NULL,'buy',NULL,1,NULL,'pending','2022-11-16 16:54:13','2022-11-16 16:54:13'),(11,500000.00,NULL,'buy',NULL,1,NULL,'pending','2022-11-16 16:54:24','2022-11-16 16:54:24'),(12,500000.00,NULL,'buy',NULL,1,NULL,'pending','2022-11-16 16:57:39','2022-11-16 16:57:39'),(13,500000.00,NULL,'buy',NULL,26,NULL,'pending','2022-11-16 16:57:49','2022-11-16 16:57:49'),(14,500000.00,NULL,'buy',NULL,1,NULL,'pending','2022-11-16 20:45:18','2022-11-16 20:45:18'),(15,500000.00,NULL,'buy',NULL,1,NULL,'pending','2022-11-16 20:45:35','2022-11-16 20:45:35'),(16,500000.00,NULL,'buy',NULL,1,NULL,'pending','2022-11-17 11:27:03','2022-11-17 11:27:03'),(17,500000.00,NULL,'buy',NULL,39,NULL,'pending','2022-11-17 11:43:00','2022-11-17 11:43:00'),(18,500000.00,NULL,'buy',NULL,1,NULL,'pending','2022-11-19 09:18:39','2022-11-19 09:18:39'),(19,500000.00,NULL,'buy',NULL,1,NULL,'pending','2022-11-21 22:08:01','2022-11-21 22:08:01'),(20,500000.00,NULL,'buy',NULL,46,NULL,'pending','2022-11-23 09:04:03','2022-11-23 09:04:03'),(21,500000.00,NULL,'buy',NULL,46,NULL,'pending','2022-11-23 09:04:20','2022-11-23 09:04:20'),(22,500000.00,NULL,'buy',NULL,46,NULL,'pending','2022-11-24 09:30:48','2022-11-24 09:30:48'),(23,500000.00,NULL,'buy',NULL,1,NULL,'pending','2022-11-24 11:00:47','2022-11-24 11:00:47'),(24,500000.00,NULL,'buy',NULL,1,NULL,'pending','2022-11-24 11:00:56','2022-11-24 11:00:56'),(25,500000.00,NULL,'buy',NULL,1,NULL,'pending','2022-11-24 21:14:12','2022-11-24 21:14:12'),(26,500000.00,NULL,'buy',NULL,1,NULL,'pending','2022-11-25 09:01:17','2022-11-25 09:01:17'),(27,500000.00,NULL,'buy',NULL,39,NULL,'pending','2022-11-25 13:06:54','2022-11-25 13:06:54'),(28,500000.00,NULL,'buy',NULL,39,NULL,'pending','2022-11-27 00:04:24','2022-11-27 00:04:24'),(29,500000.00,NULL,'buy',NULL,1,NULL,'pending','2022-11-28 04:21:25','2022-11-28 04:21:25'),(30,500000.00,NULL,'buy',NULL,1,NULL,'pending','2022-12-05 11:43:33','2022-12-05 11:43:33'),(31,500000.00,NULL,'buy',NULL,46,NULL,'pending','2022-12-05 19:59:48','2022-12-05 19:59:48'),(32,500000.00,NULL,'buy',NULL,39,NULL,'pending','2022-12-05 21:02:42','2022-12-05 21:02:42'),(33,500000.00,NULL,'buy',NULL,39,NULL,'pending','2022-12-06 10:21:23','2022-12-06 10:21:23'),(34,500000.00,NULL,'buy',NULL,1,NULL,'pending','2022-12-06 15:42:58','2022-12-06 15:42:58'),(35,500000.00,NULL,'buy',NULL,1,NULL,'pending','2022-12-06 15:48:55','2022-12-06 15:48:55'),(36,500000.00,NULL,'buy',NULL,1,NULL,'pending','2022-12-07 12:25:22','2022-12-07 12:25:22'),(37,500000.00,NULL,'buy',NULL,1,NULL,'pending','2022-12-07 12:25:44','2022-12-07 12:25:44'),(38,500000.00,NULL,'buy',NULL,1,NULL,'pending','2022-12-07 12:26:33','2022-12-07 12:26:33'),(39,500000.00,NULL,'buy',NULL,1,NULL,'pending','2022-12-07 12:27:00','2022-12-07 12:27:00'),(40,500000.00,NULL,'buy',NULL,1,NULL,'pending','2022-12-07 12:27:57','2022-12-07 12:27:57'),(41,500000.00,NULL,'buy',NULL,1,NULL,'pending','2022-12-07 12:27:58','2022-12-07 12:27:58'),(42,500000.00,NULL,'buy',NULL,1,NULL,'pending','2022-12-07 12:28:05','2022-12-07 12:28:05'),(43,500000.00,NULL,'buy',NULL,1,NULL,'pending','2022-12-07 12:28:12','2022-12-07 12:28:12'),(44,500000.00,NULL,'buy',NULL,1,NULL,'pending','2022-12-07 12:29:31','2022-12-07 12:29:31'),(45,500000.00,NULL,'buy',NULL,1,NULL,'pending','2022-12-07 12:31:43','2022-12-07 12:31:43'),(46,500000.00,NULL,'buy',NULL,1,NULL,'pending','2022-12-07 12:33:31','2022-12-07 12:33:31'),(47,500000.00,NULL,'buy',NULL,1,NULL,'pending','2022-12-07 14:42:40','2022-12-07 14:42:40'),(48,500000.00,NULL,'buy',NULL,1,NULL,'pending','2022-12-07 14:51:03','2022-12-07 14:51:03'),(49,500000.00,NULL,'buy',NULL,1,NULL,'pending','2022-12-08 14:20:15','2022-12-08 14:20:15'),(50,500000.00,NULL,'buy',NULL,46,NULL,'pending','2022-12-09 09:19:28','2022-12-09 09:19:28'),(51,500000.00,NULL,'buy',NULL,1,NULL,'pending','2022-12-13 05:07:17','2022-12-13 05:07:17'),(52,500000.00,NULL,'buy',NULL,1,NULL,'pending','2022-12-13 05:07:19','2022-12-13 05:07:19'),(53,500000.00,NULL,'buy',NULL,1,NULL,'pending','2022-12-13 07:45:19','2022-12-13 07:45:19'),(54,500000.00,NULL,'buy',NULL,1,NULL,'pending','2022-12-14 07:32:39','2022-12-14 07:32:39'),(55,500000.00,NULL,'buy',NULL,39,NULL,'pending','2022-12-14 22:00:22','2022-12-14 22:00:22'),(56,7190.00,NULL,'buy',NULL,1,NULL,'pending','2022-12-15 15:04:39','2022-12-15 15:04:39'),(57,60060.00,NULL,'buy',NULL,1,NULL,'pending','2022-12-15 15:04:48','2022-12-15 15:04:48'),(58,7190.00,NULL,'buy',NULL,39,NULL,'pending','2022-12-15 22:38:29','2022-12-15 22:38:29'),(59,60060.00,NULL,'buy',NULL,1,NULL,'pending','2022-12-16 09:50:12','2022-12-16 09:50:12'),(60,7190.00,NULL,'buy',NULL,39,NULL,'pending','2022-12-26 12:41:43','2022-12-26 12:41:43'),(61,60060.00,NULL,'buy',NULL,39,NULL,'pending','2022-12-27 16:19:28','2022-12-27 16:19:28'),(62,7190.00,NULL,'buy',NULL,39,NULL,'pending','2022-12-30 02:15:51','2022-12-30 02:15:51'),(63,7190.00,NULL,'buy',NULL,39,NULL,'pending','2023-01-04 21:19:25','2023-01-04 21:19:25'),(64,60060.00,NULL,'buy',NULL,39,NULL,'pending','2023-01-17 07:07:12','2023-01-17 07:07:12'),(65,7190.00,NULL,'buy',NULL,39,NULL,'pending','2023-01-17 12:50:45','2023-01-17 12:50:45'),(66,0.00,NULL,'buy',NULL,39,NULL,'pending','2023-01-26 14:39:09','2023-01-26 14:39:09'),(67,0.00,NULL,'buy',NULL,108,NULL,'pending','2023-02-06 09:24:54','2023-02-06 09:24:54'),(68,0.00,NULL,'buy',NULL,118,NULL,'pending','2023-02-09 07:25:53','2023-02-09 07:25:53'),(69,0.00,NULL,'buy',NULL,117,NULL,'pending','2023-02-09 07:39:29','2023-02-09 07:39:29'),(70,0.00,NULL,'buy',NULL,1,NULL,'pending','2023-02-17 08:00:12','2023-02-17 08:00:12'),(71,0.00,NULL,'buy',NULL,142,NULL,'pending','2023-02-20 10:48:33','2023-02-20 10:48:33'),(72,0.00,NULL,'buy',NULL,144,NULL,'pending','2023-02-21 08:31:20','2023-02-21 08:31:20'),(73,0.00,NULL,'buy',NULL,155,NULL,'pending','2023-02-27 13:36:32','2023-02-27 13:36:32'),(74,0.00,NULL,'buy',NULL,143,NULL,'pending','2023-03-01 19:02:39','2023-03-01 19:02:39'),(75,0.00,NULL,'buy',NULL,159,NULL,'pending','2023-03-02 08:14:41','2023-03-02 08:14:41'),(76,0.00,NULL,'buy',NULL,159,NULL,'pending','2023-03-02 08:14:44','2023-03-02 08:14:44'),(77,0.00,NULL,'buy',NULL,188,NULL,'pending','2023-04-08 07:57:09','2023-04-08 07:57:09'),(78,0.00,NULL,'buy',NULL,188,NULL,'pending','2023-04-08 08:00:46','2023-04-08 08:00:46'),(79,0.00,NULL,'buy',NULL,188,NULL,'pending','2023-04-08 08:05:28','2023-04-08 08:05:28'),(80,0.00,NULL,'buy',NULL,188,NULL,'pending','2023-04-08 08:11:23','2023-04-08 08:11:23'),(81,0.00,NULL,'buy',NULL,202,NULL,'pending','2023-05-11 08:20:29','2023-05-11 08:20:29'),(82,0.00,NULL,'buy',NULL,208,NULL,'pending','2023-05-16 10:01:19','2023-05-16 10:01:19'),(83,0.00,NULL,'buy',NULL,208,NULL,'pending','2023-05-16 10:07:39','2023-05-16 10:07:39'),(84,0.00,NULL,'buy',NULL,208,NULL,'pending','2023-05-16 10:09:07','2023-05-16 10:09:07');
/*!40000 ALTER TABLE `transactions` ENABLE KEYS */;
UNLOCK TABLES;

--
-- Table structure for table `users`
--

DROP TABLE IF EXISTS `users`;
/*!40101 SET @saved_cs_client     = @@character_set_client */;
/*!50503 SET character_set_client = utf8mb4 */;
CREATE TABLE `users` (
  `id` bigint unsigned NOT NULL AUTO_INCREMENT,
  `name` varchar(255) CHARACTER SET utf8mb4 COLLATE utf8mb4_unicode_ci NOT NULL,
  `email` varchar(255) CHARACTER SET utf8mb4 COLLATE utf8mb4_unicode_ci NOT NULL,
  `email_verified_at` timestamp NULL DEFAULT NULL,
  `password` varchar(255) CHARACTER SET utf8mb4 COLLATE utf8mb4_unicode_ci NOT NULL,
  `remember_token` varchar(100) CHARACTER SET utf8mb4 COLLATE utf8mb4_unicode_ci DEFAULT NULL,
  `created_at` timestamp NULL DEFAULT NULL,
  `updated_at` timestamp NULL DEFAULT NULL,
  `image` varchar(255) COLLATE utf8mb4_unicode_ci DEFAULT NULL,
  PRIMARY KEY (`id`),
  UNIQUE KEY `users_email_unique` (`email`)
) ENGINE=InnoDB AUTO_INCREMENT=212 DEFAULT CHARSET=utf8mb4 COLLATE=utf8mb4_unicode_ci;
/*!40101 SET character_set_client = @saved_cs_client */;

--
-- Dumping data for table `users`
--

LOCK TABLES `users` WRITE;
/*!40000 ALTER TABLE `users` DISABLE KEYS */;
INSERT INTO `users` VALUES (1,'admin','admin@admin.com',NULL,'$2y$10$a15aSxgKojGWXrIPdRkwkeeL6bgW54zj9papqq563BLuv1UfxqvZi','P18cwKkEAE1LfEVOl9SgCBnqSVgDqTdpMp4OWoKtEWAA1YiMlpogkDkA0wHQ','2022-08-08 16:51:58','2022-11-21 22:07:49','95BA0888-F13E-48BB-85B9-503641B913B6.png'),(2,'Zia Steele','admin1@admin.com',NULL,'$2y$10$YxXg/42FMhIbkdkBEjasoeWEoXoLPg5i9MBoToAQMfhIpy5HTsqSe',NULL,'2022-08-08 18:49:06','2022-08-08 18:49:06',NULL),(3,'Jackson Hendricks','hukag@mailinator.com',NULL,'$2y$10$gqFbsU12nO/Dt1g/alDQp.brUq5vqBiIG8MMadUkP5X5n./dvljLK',NULL,'2022-08-08 18:49:18','2022-08-08 18:49:18',NULL),(4,'test','test@admin.com',NULL,'$2y$10$whOgHF7QhfPisJRXCesy3OZZVHKThQHoEcMayYn2jYVz74BHWdUHu',NULL,'2022-08-09 03:34:04','2022-08-09 03:34:04',NULL),(5,'demo','admin@demo.com',NULL,'$2y$10$.yXVoFoBc0Z1vyetNyw1jOFujnVLe.Uf23BDV/kA4MTgjuY.Rf6ym',NULL,'2022-08-15 22:51:24','2022-11-11 08:54:29','96.svg'),(6,'demo2','admin@demo2.com',NULL,'$2y$10$T/rwvzmOR3CjFnwcaRebmeRrUGMGFGbOT78EdYq79I3ZonLU9hHFS',NULL,'2022-08-15 23:45:52','2022-08-15 23:45:52',NULL),(7,'demo3','admin@demo3.com',NULL,'$2y$10$C8MfoGq5VlbG..XX.17LHuZzGv1aJDdExllvH5YuzlBPE24DOqKGG',NULL,'2022-08-15 23:46:59','2022-08-15 23:46:59',NULL),(8,'demo4','admin@demo4.com',NULL,'$2y$10$AQeH.3LoQyqtwVxTVvr1JeV0u/bFm3uBTrEJY.9m0Gz/s/.OLMGqu',NULL,'2022-08-15 23:48:24','2022-08-15 23:48:24',NULL),(9,'demo5','admin@demo5.com',NULL,'$2y$10$mShHNGeV9glqbAA.w9Xbg.UNcxp3hf1dOQECJHXKuALoVLfKZgStu',NULL,'2022-08-15 23:49:56','2022-08-15 23:49:56',NULL),(10,'test2','test2@admin.com',NULL,'$2y$10$9q0mJ42s5JCI9J0cXwoQhO33Z4zZsgM7iM0tRvw9iQ8hgAmV.ST0W',NULL,'2022-08-16 00:00:51','2022-08-16 00:00:51',NULL),(11,'demo','demo@admin.com',NULL,'$2y$10$Qzpt3pfgm20fR9Kb7A9Ni.BA7DwvLcZjHDUgjCmiWuNQQJmefVcm2',NULL,'2022-08-26 13:19:56','2022-11-14 04:33:27','Screenshot+from+2022-11-11+16-21-14.png'),(12,'demo2','demo2@admin.com',NULL,'$2y$10$UhDvXhD.gb03EPgr6ds9MuaBgrhxMn/4A.TNiZEo2LfJyFgmvUZze',NULL,'2022-08-26 13:39:43','2022-08-26 13:39:43',NULL),(13,'demo3','demo3@admin.com',NULL,'$2y$10$1PTLleB2QMyf3VJXs3Y9/ONIZ96gdIGMBtD.C/QQVbxin2Fz.umta',NULL,'2022-08-26 13:51:29','2022-08-26 13:51:29',NULL),(14,'demo4','demo4@admin.com',NULL,'$2y$10$HeTOIO2ZCOJIwFk717sQvu3d/vramnoJxbq0.k0k8SE02vR5KBjGy',NULL,'2022-08-26 13:52:26','2022-08-26 13:52:26',NULL),(15,'demo5','demo5@admin.com',NULL,'$2y$10$QNCWWrfGpeBSarGlyhw/reAS.6wr5GT1LGpJtvS452Mwuc0xyTphi',NULL,'2022-08-26 13:53:45','2022-08-26 13:53:45',NULL),(16,'demo6','demo6@admin.com',NULL,'$2y$10$YcJ7FPiyoCJAuT11daGaH.i7v/1/FhxtTVpNrLdoBQDxek542oKGO',NULL,'2022-08-26 13:55:15','2022-08-26 13:55:15',NULL),(17,'demo7','demo7@admin.com',NULL,'$2y$10$WamIyNU8hi06w1ef2D8hl.sjzOyWP4nTKjiUXqruRB9bj1tqhVOMm',NULL,'2022-08-26 13:55:40','2022-08-26 13:55:40',NULL),(18,'demo8','demo8@admin.com',NULL,'$2y$10$vk7tjU6S7jWLwuXz4Jeyg.6Cwz3NtbRaKoaADGvahQE8EJu8ni65S',NULL,'2022-08-26 13:57:08','2022-08-26 13:57:08',NULL),(19,'demo9','demo9@admin.com',NULL,'$2y$10$K3QAGjx0rCUhm4ZrDkpBP.8sxSulQvxrvoAG/YQUwHqSPaoT5/GXW',NULL,'2022-08-26 13:58:27','2022-08-26 13:58:27',NULL),(20,'demo10','demo10@admin.com',NULL,'$2y$10$0h/hAn8B9GGe3Vwvli23degyDIg1i9P2YYaUQ1hEi68ZZF9ow8ufy',NULL,'2022-08-26 13:59:43','2022-08-26 13:59:43',NULL),(21,'demo11','demo11@admin.com',NULL,'$2y$10$.6JJbFGUmXAhvGAUc8Vtke1h.JQnQsU5p1m2emTVapU8GH/QMH3nK',NULL,'2022-08-26 14:04:13','2022-08-26 14:04:13',NULL),(22,'Jillian Mclean','demo33@admin.com',NULL,'$2y$10$RZjqH0qWXfC.IEsjQiteOOe59pIX7RTCt0BdE69SuoNki6RtSTrKW',NULL,'2022-08-26 14:06:11','2022-08-26 14:06:11',NULL),(23,'demo34','demo34@admin.com',NULL,'$2y$10$IpX7WiM6O4x0N1sxsOh7Se2zVHQuj8J83W5iqN85AGWsEGN5tWs6K',NULL,'2022-08-26 14:31:38','2022-08-26 14:31:38',NULL),(24,'demo111','demo111@admin.com',NULL,'$2y$10$teMd.7DMEc9faAFgdTfE8uLnKlPctitYC4RMGb8ENKkbPzRynQRrG',NULL,'2022-08-26 19:40:50','2022-08-26 19:40:50',NULL),(25,'user1','user1@admin.com',NULL,'$2y$10$s7hKUqhNE9Wq2HjzBI174.JmIS3vg0JMnecqQBk4WLvIP0W1bvyhi',NULL,'2022-08-27 12:13:35','2022-08-27 12:13:35',NULL),(26,'owner','owner@admin.com',NULL,'$2y$10$Ajh.RmsIygNcG.Bu9QQQVeaCl/2rfjafF5mGn821yKVpJk1rAbSri',NULL,'2022-08-27 13:04:01','2022-08-27 13:04:01',NULL),(27,'hello@admin.com','hello@admin.com',NULL,'$2y$10$g5zSP.0lSvLqKMW563NigeoQ2GmRjsuwC8JCjwsBBso91v21SMXl.',NULL,'2022-08-27 19:43:00','2022-08-27 19:43:00',NULL),(28,'India Hartman','rabeb@mailinator.com',NULL,'$2y$10$jkOaY6U84nRp1v7s7bqHa.I2SeYO6T5ktQk32uz5yqFR.dWGBgmVi',NULL,'2022-08-27 19:51:25','2022-08-27 19:51:25',NULL),(29,'Nerea Mendoza','lotoqapyf@mailinator.com',NULL,'$2y$10$g74Fhkqp8lvEW9uxCRLv7O5Dgmbf5VndaksyBaBX1NmMwfpPPF4mS',NULL,'2022-08-27 19:54:57','2022-08-27 19:54:57',NULL),(30,'Charde Santos','leralyku@mailinator.com',NULL,'$2y$10$vboqH8Y0hdLH09RZorw96emhBTRXuMVGXzUuckd5/gachBlsuz.e6',NULL,'2022-08-27 19:55:39','2022-08-27 19:55:39',NULL),(31,'Faith Day','sagy@mailinator.com',NULL,'$2y$10$5HgS2sBVvcRRKPDgz6irN.fqso8i6qx/K.I2DUQnX92SO.lqiXPgy',NULL,'2022-08-27 19:57:43','2022-08-27 19:57:43',NULL),(32,'Omar Beck','diriqo@mailinator.com',NULL,'$2y$10$c4TciWbA7lHwsy5NI7KMg.Kt9dStm27adWHxBMpx9Eoo.ZZojh07O',NULL,'2022-08-27 20:00:42','2022-08-27 20:00:42',NULL),(33,'Kirby Lucas','lopomof@mailinator.com',NULL,'$2y$10$hbrPLSX8hXPDX7XPBplVOuB5sp/nt6uROjCtdRU5ShwsPGmswJKlK',NULL,'2022-08-27 20:03:26','2022-08-27 20:03:26',NULL),(34,'Darius Jones','pitakik@mailinator.com',NULL,'$2y$10$l0w/s.v7dhzcht.IudoeMef/EMPIeCN9kJeYrH.i3oLRWseLwLFtu',NULL,'2022-08-27 20:21:31','2022-08-27 20:21:31',NULL),(35,'Caesar Moss','valoxaxube@mailinator.com',NULL,'$2y$10$qJjNuXLoLxeFsBaOP5u33uRUM4.rqVoKV5EIL92B.EcEkEyi5dVeq',NULL,'2022-08-27 20:22:04','2022-08-27 20:22:04',NULL),(36,'Caesar Moss','wocyvyfejo@mailinator.com',NULL,'$2y$10$c0O9t3K84nqNoiTNEMZXhOuLL3maA1qJ.b9j57HI6zl9LJRVR0auq',NULL,'2022-08-27 20:22:36','2022-08-27 20:22:36',NULL),(37,'Cairo Dennis','verukov@mailinator.com',NULL,'$2y$10$wy9bcEvlHOTswbzQKk4lIOfaImKQ4o.tY/yr0A5GLL/t.oUF67vLG',NULL,'2022-08-27 20:24:56','2022-08-27 20:24:56',NULL),(38,'Lyle Wood','buco@mailinator.com',NULL,'$2y$10$bOW2lnJJzFmYzX66FxhgGeGrMUwdi8wmeVU0LphsmD9kvAVRKrtSC',NULL,'2022-08-27 20:25:14','2022-08-27 20:25:14',NULL),(39,'Сергей Владелец','info@aasystem.ru',NULL,'$2y$10$xkmcnFRdtWTfVR1Fj10rQ.TEsq9CnJ0lYq0nINc1nIe9Wo1ujXmxq',NULL,'2022-11-03 12:17:36','2022-11-17 11:36:15','63581a2948ebd_1666718326_63581a2948ea3.png'),(40,'Сергей юзер','mail@aasystem.ru',NULL,'$2y$10$JPRsHWZdcmxFl6sTw8qFfeeZcS/R2R70ahlrf6G3f/kBf796ireEu',NULL,'2022-11-03 12:20:14','2022-11-03 12:20:14',NULL),(41,'Gary Levy','cucujypej@mailinator.com',NULL,'$2y$10$XS2luOovOWNx1SkXyROUe.rtb1vF02FpTlZv.n9Xjx2PN2vH7cgIK',NULL,'2022-11-03 12:28:05','2022-11-03 12:28:05',NULL),(43,'owner new','owner@new.com',NULL,'$2y$10$V157zQVBfKf/wzgbJfKWt.OcdPvkdoatB.Cd4.K60k.hEPI5iCpSG',NULL,'2022-11-03 13:09:48','2022-11-03 14:19:54','index.jpeg'),(45,'sharkn','sharkn56@gmail.com',NULL,'$2y$10$vS/M3VJ0dtJaO4/kToM4xeWcWhXjTFyA2gNHfyOPj.fsl6XGyVGeC',NULL,'2022-11-03 13:29:42','2022-11-03 13:54:36','user-removebg-preview.png'),(46,'Видео Контур','info@videocontour.ru',NULL,'$2y$10$oS1Jv3IR0UasXELpe3rb1.GLkgXg6CwU8KTVAy5PIc.LL1MDNILTq',NULL,'2022-11-03 14:22:37','2022-11-14 04:34:36','72.svg'),(47,'Пользователь демо','mail@videocontour.ru',NULL,'$2y$10$tZtJ8DqTl.q1MJE/scYG2.E/ff0Jw3shR2K2IO8rGL61Ezl.yNWSq',NULL,'2022-11-03 14:40:58','2022-11-03 14:40:58',NULL),(48,'ООО','0@0.ru',NULL,'$2y$10$edfU173tbFoSS6bW2gVAeuHrzdIm7iPoU.c4F6g9CEwRznmof9Ffy',NULL,'2022-11-03 14:51:51','2022-11-03 14:51:51',NULL),(49,'Иванова Маркетолог','1@1.ru',NULL,'$2y$10$P2z8DIHnv5ziRKMqyd.vHufPeaJ/RTJ2a5nrr89RYmW/ryy7Ou4X.',NULL,'2022-11-03 14:56:03','2022-11-03 14:56:03',NULL),(50,'Скергей Маненков','sergei@aasystem.ru',NULL,'$2y$10$uJWH5qBVzLeTMpzr/jJfZ.kDK/9jMdoPs0/4bZrap2Rpe2ny8cCGu',NULL,'2022-11-03 15:18:09','2022-11-03 15:18:09',NULL),(51,'Сергей Л','Ls53@yandex.ru',NULL,'$2y$10$1t1xJpcVlfbdLG/FXv5L0enROjV3lewod25mqFRGQhbuMJtX165ke','Oc5WLttXLn7Fpora6Kd4jyD5OoeuE8Wk5cKpWgrtLm5eo93AxDTyEUWAi6eJ','2022-11-03 15:18:10','2023-05-22 08:36:42',NULL),(52,'Мари','nehama@mail.ru',NULL,'$2y$10$pInlDAEcbb8LJQ00WiHPQuWUv6Cji3k4/vuB4g5O62tjoQcLi2Clq','VRswbYNiHjPXRglDEJECeROMgclXy294jn81ZVDZuA2vBnePkNFXE65Tum9C','2022-11-03 15:20:14','2023-05-22 08:39:49',NULL),(53,'Анна Шевченко','shevchenko@videocontour.ru',NULL,'$2y$10$EOsXkLdXOlPpvntCGy.p4OKZ1JNL3HZP3mjz.2v3DNI6cEvyhbjvG','g3M5YMoTe0pAvMElLqh0FyuF3uywfZfFfrEVesbcZ4kvw4tsAJPlUVjiq7eL','2022-11-03 15:21:04','2023-05-22 12:49:24',NULL),(54,'Denis','samsonov@slb2b.ru',NULL,'$2y$10$82eM0NY1CgQW/KFLjQvYhuMHvCFmheOMRV4v6X3sCGhGyZYkSjeNG',NULL,'2022-11-03 15:21:41','2023-05-22 08:35:59',NULL),(55,'Арсений','ars-2000@list.ru',NULL,'$2y$10$yJmcji.aLJCM3OGTV6IvFOK2tdqGNVJfGW1oE7aI4gk75lj/OOaBe','pzowGeHzkCjwdZwGYjDcLLGVXSNbr2ExLGQV9OPSjHgv0TtYHw5IgpI4fOt0','2022-11-06 21:51:34','2022-11-06 21:51:34',NULL),(56,'Данил','danilomaster04@mail.ru',NULL,'$2y$10$a6WdAI4NQ0K0suLun.JRhORqi2ZmDOJPtuPpqh.x.0ocCr2FJ4yCO',NULL,'2022-11-06 21:52:12','2022-11-06 21:52:12',NULL),(57,'Александра Александровна','Ovaleksandra@yandex.ru',NULL,'$2y$10$WY6zk2CHwNLjfBzvrSyFTOuTCBGJV9.7Za5zPgf0Y4d.dhOLxhhhO',NULL,'2022-11-07 17:48:37','2022-11-13 17:06:54','%D1%83%D1%87%D0%B8%D1%82%D0%B5%D0%BB%D1%8C.jpg'),(58,'Николай Николаевич Емельянов','niemni@yandex.ru',NULL,'$2y$10$4qzoWuauWNO2TxUbI235lu5oYqEDKYcwkvsLPRuesMAkbPj9yDwX6',NULL,'2022-11-07 17:52:46','2023-05-25 16:57:21',NULL),(59,'owner123','owner123@admin.com',NULL,'$2y$10$jCEQ0.JOZZVk0Dzgxgmw4.fhI9p66gRdIw6ae5Aa72tT30IVBTLHi',NULL,'2022-11-08 07:46:37','2022-11-08 07:50:32','IMG-20221107-WA0035.jpg'),(60,'user','user@admin.com',NULL,'$2y$10$yOu.3SvBR8GrzFqgwrTEWOvGCTmpzL8KEvXqqpd3N.SrpzTFUVVz.',NULL,'2022-11-08 08:02:46','2022-11-08 08:02:46',NULL),(61,'Телемедицина','medicine@videocontour.com',NULL,'$2y$10$BCbKvKA2IOQgVZx.k7WY1Oo9y4ZksUBnulf9ppeeL42qEuJ7nfawW',NULL,'2022-11-08 10:20:00','2022-11-08 10:20:00',NULL),(62,'Алексей','alex@alex.ru',NULL,'$2y$10$JZsZXfJCV4hBf4uAWdiTSOjVHoJBvJtLtUopWbiTi.Nnv5ZCtFstq',NULL,'2022-11-08 18:32:26','2022-11-08 18:32:26',NULL),(65,'test admin','a@a.ru',NULL,'$2y$10$9iv8OYDpjkmffkRxLpRdCe0oSpYr9C779o5r7m/rRylxV4p0tVIqO',NULL,'2022-11-11 13:21:02','2022-11-11 13:21:02',NULL),(66,'Михаил Казанцев','kma.3101@yandex.ru',NULL,'$2y$10$xCH5qNbubZQjzZHm3GUvGOkJrWVneLUJf2MTHZguae2dJAnP.efKy',NULL,'2022-11-11 14:36:24','2022-11-11 14:36:24',NULL),(67,'Test link','d@d.ru',NULL,'$2y$10$kHTgFsBYyQSpyPwQ7UOEgOXsJ1qKl/W8Eauaczue872ZUldHdICWa',NULL,'2022-11-11 14:43:11','2022-11-11 14:43:11',NULL),(68,'Андрей Русов','ramr2552@yandex.ru',NULL,'$2y$10$hnOhMELyBShaC51sheL1f.5L3qthBwSFpz8aXswV8tiFKncfCFHha',NULL,'2022-11-12 14:17:25','2022-11-12 14:17:25',NULL),(69,'дизайнеры Иваново','st.dezz@maIl.ru',NULL,'$2y$10$GfpvEDVNARiPtrOykAuxQOCgg7E6Owz9Fj5tFq4Bo08UhvCJ.OQ2K',NULL,'2022-11-13 12:11:15','2022-11-14 07:50:19',NULL),(70,'Иван Иванов','ivan@mail.ru',NULL,'$2y$10$F18IwkIE3IffpLBGtdTfIO1IHaA81ozaEp7IRodjsWpi2Q1zL5OvC',NULL,'2022-11-13 16:52:07','2022-11-13 16:52:07',NULL),(71,'Анна Шевченко Личный','shev_am@mail.ru',NULL,'$2y$10$51NoDF8dfVJ50yjVHSEBAeJ85yjUbLjzXr..p8SAlVf0VTq/zeit6',NULL,'2022-11-13 19:55:56','2022-11-13 19:55:56',NULL),(72,'Алексей Гулянцев','gulyancevan@lad24.ru',NULL,'$2y$10$RBVfsA0tCghni9vI0d9vaeTjJdvKJ49i5Gm.v0mEA6HIUBH2sxMw.','MVxQ0612c9896B4fy3xd0SL3EsbK44VpAuseUF1fsVlaGhT17Uzits25iBhA','2022-11-14 07:51:44','2022-11-14 07:51:44',NULL),(73,'Ashton Whitehead','getijiri@mailinator.com',NULL,'$2y$10$fvFGnR5S78Wp56ObqDc6GudhP3LR6aIORBJst4neEk447/51m31qO',NULL,'2022-11-14 12:46:30','2022-11-14 12:46:30',NULL),(76,'test22','w@w.ru',NULL,'$2y$10$etl5uFuDXNAlGvINohNCg.tll6xP1eagP3q7ygYqmF97Krte.AHQ6',NULL,'2022-11-15 11:50:31','2022-11-15 11:50:31',NULL),(80,'Андрей','zaharzhukov@mail.ru',NULL,'$2y$10$OPVC/G5PZ9TPywtLUv7ksOed4IkYHQPaWlNDK4UfMRukaF3iOUmY6',NULL,'2022-11-16 07:05:00','2022-11-16 07:05:00',NULL),(85,'Елена Кулиш','leno4ksa@gmail.com',NULL,'$2y$10$PcuyghQ58q8txOjhcSH45.GWpTae1AkJVo04utJgUxwN5bLbVHCIG',NULL,'2022-11-21 17:09:30','2022-11-21 17:09:30',NULL),(86,'Тест','shev_am5@mail.ru',NULL,'$2y$10$lfYJS9upCljG5aeG4F2HDOzK2mWD6CPmt3fgzLPg/TgzE2/ghAjvW',NULL,'2022-11-24 14:40:11','2022-11-24 14:40:11',NULL),(90,'Amela Colon','bitalmazru@gmail.com',NULL,'$2y$10$4blnX32kAIaej4Ra04upHuV/J9.y2vd99OiK/JzO2qdcdwPO/m9uq',NULL,'2022-11-25 09:46:32','2022-11-25 09:46:32',NULL),(93,'Moana Decker','dent24online@gmail.com',NULL,'$2y$10$6lX7qUERRxk/SsGUk4GB1OgoT8DiFGrKut2PJCiLB0vCCeYAJYCz6',NULL,'2022-12-05 10:42:29','2022-12-05 10:42:29',NULL),(94,'Сергей тест ем','manenkoff17@yandex.ru',NULL,'$2y$10$aFGGcMQMxFpFBbaIe70aaODXm7HKJ4Mw71TK2LSI8E5dSd1rPnz5a',NULL,'2022-12-05 13:04:41','2022-12-05 13:04:41',NULL),(95,'Дмитрий Сакадин','dim74sey@yandex.ru',NULL,'$2y$10$iyBz74UljjUBeQEUi4EEve1EvrtYfr8JL3ly6iWLvBEF.4A8LNEZW',NULL,'2022-12-09 10:01:21','2022-12-09 10:01:21',NULL),(96,'Сергей Лузинов','serg@webmechanica.ru',NULL,'$2y$10$0qgb7qht2DL3f6mpHP61.e3MbnIerA4xkK.HR8.NJeWLz5tvefeXK',NULL,'2022-12-09 10:07:59','2022-12-09 10:07:59',NULL),(97,'Лилия Маслова','L_maslova@mail.ru',NULL,'$2y$10$gDkFRQldS7AAmkhFiqx0GuznnWYN.45iBRpqzleG6sai0Hi.fY8tu',NULL,'2022-12-09 18:18:51','2022-12-09 18:18:51',NULL),(98,'Павел Коженков','sfk2@mail.ru',NULL,'$2y$10$Ipm0IbsrcgQICoaZBtcHbeJrB4TuOlFDsIsqn2Se0Ayr9bcCOtETC','rejMoCUWP7uEn1aIKvbhnGpG9PkoGYobAzdc84fvZ1ioIyAt7CRThSYbY1on','2022-12-10 19:51:20','2022-12-10 19:51:20',NULL),(99,'Виктор Никольский','to_kino@mail.ru',NULL,'$2y$10$6DKhJ5ho0H2Nq.E/ejxbuOzphIGsLLiyokl8aYT70my1vWpOEgQT2',NULL,'2022-12-22 19:58:49','2022-12-22 19:58:49',NULL),(100,'Елманова Елена','anodpo2020@bk.ru',NULL,'$2y$10$xoaOLZPnoWa8xXYeeauQwu7Eh4lHWhuAFuGDatZ5hlcAc.eFLAkkS',NULL,'2022-12-23 07:11:18','2022-12-23 07:11:18',NULL),(101,'Калинин Олег','kalinin.og@mail.ru',NULL,'$2y$10$5.eaRZi.UzxLaXp2270B5emMUzn0rLCgZFljoKVoXx/biQaHbQuoW',NULL,'2023-01-10 10:20:07','2023-01-10 10:20:07',NULL),(102,'zhu@me.com','zhu@me.com',NULL,'$2y$10$tSi.qyivKuswc6Bc7igDq.K6geGekYcpM3w88b3kSqpbgG7gOElEi',NULL,'2023-01-12 11:39:27','2023-01-12 11:39:27',NULL),(103,'Талалаев Иван','ivtalalaev@gmail.com',NULL,'$2y$10$UogQeFhJOzFfIh54KOjeUuGUmiA2WFU8KTNynPZ5i7i8XTMYv1ROG',NULL,'2023-01-12 11:46:44','2023-01-12 11:46:44',NULL),(104,'Nick','ermoshkinnb@gmail.com',NULL,'$2y$10$iAJLo6mt81TReT2wpX/mquhWzimiFVfw6QBjxyFjRhjMExw18JQkW',NULL,'2023-01-18 09:21:35','2023-01-18 09:21:35',NULL),(105,'Петр Петрович','petr@ya.ru',NULL,'$2y$10$cYSMfuYbxp/CyL1ywPIax.6Ldr0D.fThgT6Vfsc1NXrQslRmJn77O',NULL,'2023-01-19 10:38:59','2023-01-19 10:38:59',NULL),(106,'Гафаров Ильшат','180707@63.ru',NULL,'$2y$10$YGxw3alK./prhR1hA4NI1ejR9Zxs1yS3LuBtUMTVeDbbaTiXvw1ny',NULL,'2023-01-30 08:35:44','2023-01-30 08:35:44',NULL),(107,'Акселератор спринт от ФРИИ','info@edu.iidf.ru',NULL,'$2y$10$nt.uiPX4ctbTMTxva1zi/ezGwslq8I/wh9dsgA8Qd8GGupO3q7igS',NULL,'2023-01-30 10:56:32','2023-01-30 10:56:32',NULL),(108,'egor.poluyan','egor.poluyan@yandex.ru',NULL,'$2y$10$ODQwk3KdCbXpE0IOrcYm5OxphtvAlxrzn4R6KL60bKkF0nWT4W9au','EvXMq70UdI4As5mCYeGSepZidkSMd14SCNIg1m1GDozpKyTJ2R6dzc7E506I','2023-02-06 06:34:46','2023-02-06 06:34:46',NULL),(109,'ДЕМО1','demo1@demo.ru',NULL,'$2y$10$eEnZY/C0QpL2btQdPgXKh.iee/temSmp0z60l3yFgb4IzpkGDoxja',NULL,'2023-02-09 06:30:18','2023-02-09 06:30:18',NULL),(110,'ДЕМО2','demo2@demo.ru',NULL,'$2y$10$nHVeeHOijCV8tVKXs5kaT.SjQgZFxPEzfK782nVB.JL1.asPdHBVm',NULL,'2023-02-09 06:30:46','2023-02-09 06:30:46',NULL),(111,'ДЕМО3','demo3@demo.ru',NULL,'$2y$10$pBiEDllahpOiaAxEJqdSSuIhAQzv775V4bY9O7IzeOwEsFd07Y2Ky',NULL,'2023-02-09 06:31:20','2023-02-09 06:31:20',NULL),(112,'ДЕМО4','demo4@demo.ru',NULL,'$2y$10$6zVm/yZzgNev2tUX/0Km/O02phHIv33aJaRat31Keng3j3sdQU5Bm',NULL,'2023-02-09 06:31:39','2023-02-09 06:31:39',NULL),(113,'ДЕМО5','demo5@demo.ru',NULL,'$2y$10$jP6mg6n0rK9snNgQLZKUJOvZl6hmucNuqAr6yorJR9Bvdu9c/ogXG',NULL,'2023-02-09 06:31:59','2023-02-09 06:31:59',NULL),(114,'ДЕМО6','demo6@demo.ru',NULL,'$2y$10$6YckPyVYcfQCfL47rV0O2./X1ttDZQqFkAZOxfL/467/47yPqEzjO',NULL,'2023-02-09 06:32:18','2023-02-09 06:32:18',NULL),(115,'ДЕМО7','demo7@demo.ru',NULL,'$2y$10$7pJfI7JJSOftJ.Cm7wJwge1ghkcttjNffY5da9vwYrKXzoj7dRvuS',NULL,'2023-02-09 06:32:44','2023-02-09 06:32:44',NULL),(116,'ДЕМО8','demo8@demo.ru',NULL,'$2y$10$2hNbcFWYL7AhLVVJDGexJOSw0XWxfnDkAGb/dTEDvC30eCBfA3KRO',NULL,'2023-02-09 06:33:02','2023-02-09 06:33:02',NULL),(117,'ДЕМО9','demo9@demo.ru',NULL,'$2y$10$qf8knB0xbKMUWT.kLpCjI.HX5mx3tJUqD9ddNhPicoJ1rTFh2LD5K',NULL,'2023-02-09 06:33:21','2023-02-09 06:33:21',NULL),(118,'ДЕМО10','demo10@demo.ru',NULL,'$2y$10$amoG12NGLJ3qKr5R.NMBRO5PqTgohGutXtJvJS.NwWYl.fqVHwSKO',NULL,'2023-02-09 06:33:39','2023-02-09 06:33:39',NULL),(119,'Елизавета  Телегина, Иннополис','Liza-telegina@mail.ru',NULL,'$2y$10$a0SwDxypXQ8wJaOtCjHrPedI7FpsCLEls5NYlaOSz89eo23c8uq.e',NULL,'2023-02-10 11:57:55','2023-02-10 18:45:52',NULL),(120,'Андрей','magdarckfair@yandex.ru',NULL,'$2y$10$pcbdilBgW9PhqA5QqrER1.onxpGKum2UciT2FipHddL4HXH0Iw3gK',NULL,'2023-02-13 12:40:23','2023-02-13 12:40:23',NULL),(121,'Игорь','advokat-bib@yandex.ru',NULL,'$2y$10$vnt.aKfbTy./fhb.fwryMujhetjy5xGLmosnCoeb/mC.8c2NZ5e3i',NULL,'2023-02-13 12:45:27','2023-02-13 12:45:27',NULL),(122,'МТУ Ространснадзора по СКФО','stat@mtuskfo.ru',NULL,'$2y$10$j8J4RGQDf9TiHU9NyFScYeMnvIcgVdIyTNNijUOWX4259ZtQxcDWS','ggKryKPbY7BagQqUrEFZWwZuxhfVONAy82Qhmm2JcfMrbBaaC23xa3DOIgDu','2023-02-13 12:50:59','2023-02-13 14:14:10',NULL),(123,'Аслан Коков','kokov_aa@mail.ru',NULL,'$2y$10$7fGqQ4tqFYkrqaIfRL/wrOiK9ioi1klAkUmGN.5ZEm7.MEBWZraEu',NULL,'2023-02-13 14:24:37','2023-02-13 14:24:37',NULL),(124,'Бакаев Алим Валериевич','bakaev_av@mtuskfo.ru',NULL,'$2y$10$GOJHCBnGZt0rn05Ex7yca.NgWAbdC2neTzpSSb8nCm2n9trXrPX6a',NULL,'2023-02-13 14:24:59','2023-02-13 14:24:59',NULL),(125,'Вадим Ушаков','tiuq@yandex.ru',NULL,'$2y$10$j3ypEDvLQfhhfkG759o0q.xnSfYAc7qbY7Ot9KQgB75dzPwIfRpmO',NULL,'2023-02-13 20:12:50','2023-02-13 20:24:37',NULL),(126,'Наталья К','natalykalina5@gmail.com',NULL,'$2y$10$qnEW8MVAJQQWbCIWGDkDoOc1p.UmEvQFKtMSOVeC82.Ut8aLh4FES',NULL,'2023-02-13 20:13:48','2023-02-13 20:14:50',NULL),(127,'Олег','notary86@nphmao.ru',NULL,'$2y$10$K8KAqJqJ6aD5/S5e9/Gb4urkLsOpN8yCeCyhhEpHRobaZowW4ShgK',NULL,'2023-02-14 07:18:05','2023-02-14 09:29:26',NULL),(128,'Людмила','lashvedova@yandex.ru',NULL,'$2y$10$wTHAZ826dHrg7HT1GBXkce4E/hxcJXfwZB/P3iiqjmbz1w/UEMqTu',NULL,'2023-02-14 07:19:00','2023-02-14 07:19:00',NULL),(129,'sigosan','sigosan@gmail.com',NULL,'$2y$10$a6.XN8xbcR1BbLmPZRi4me7iNY4GVinZfH73c9rOju.ajSKUA3gAq',NULL,'2023-02-14 08:25:58','2023-02-14 15:45:08',NULL),(130,'Виктория','v.sapsay@replycenter.ru',NULL,'$2y$10$.7byvq6IpebJMubmuG3eGOGDaPg5UQQ.MGaZAitLkZjWjxU4NnYHq',NULL,'2023-02-14 09:32:47','2023-02-14 09:32:47',NULL),(131,'Александр','pr@eprussia.ru',NULL,'$2y$10$lzM6DDaoGEWEAG1H5HYnDusuzonvrI..IWPDHNj6EgKKSswIcoQ22','NptUyhr1TBW6Uglsfbard2nXCI3t4jiPiQSbUZX1NdgX3qNUDHq1l9QLw2Rh','2023-02-14 12:44:36','2023-02-14 12:44:36',NULL),(132,'Аrman','aleqyanarman@gmail.com',NULL,'$2y$10$876tRS.tGGHXAC21IUxoyOROVAXsIXo3k.NcTebQiZc4P/kit51Fa',NULL,'2023-02-14 18:41:00','2023-02-15 09:53:22',NULL),(133,'Natalia','steptsnick@yandex.com',NULL,'$2y$10$vH5JK.s4.dRReG7LqWObM.FXiZB9lSpKwbq10.2CBwI1B1nncejd6',NULL,'2023-02-14 18:51:28','2023-02-14 18:56:24',NULL),(134,'Natalia Tsirmiraki','natcir@yandex.ru',NULL,'$2y$10$MgXCUYlhWg13RuS1mqLuuObzk8I/a5/0Qs5drxcEkyWIuY2j6fjje',NULL,'2023-02-14 18:58:15','2023-02-14 18:58:15',NULL),(135,'Констнантин','kelapin@gmail.com',NULL,'$2y$10$3lQjneBwDOCziJ8EeSyBXuj9PK2y.HDfPr3jlzMyRteO5CXMRNgJ.',NULL,'2023-02-15 08:01:34','2023-02-15 08:01:34',NULL),(136,'Тест','testik@gmail.com',NULL,'$2y$10$JlbM4kcavOE5tSNjTQptBeBukgLhMU1NxoyNA0BlutPcIh1ISYp2e',NULL,'2023-02-15 11:26:18','2023-02-15 11:26:18',NULL),(137,'Терешкова Наталия Николаевна+79217977452','nntereshkova@yandex.ru',NULL,'$2y$10$5gxbGH89t8SeK.GSQe2BTe.E.KdqRTmGsh0fIruontrH0A4J1DS5y',NULL,'2023-02-16 10:18:11','2023-02-21 08:27:44',NULL),(138,'Иванова Елена','ivanovaelena321@mail.ru',NULL,'$2y$10$EfdHBy9qnoe33gPAbKlLeO1aklPwEmnUMpF8gSYpZw9Ze27ts2PTa',NULL,'2023-02-20 08:31:29','2023-02-21 08:26:39',NULL),(139,'Борис','solnechnyjbor@mail.ru',NULL,'$2y$10$Or6nKys0.E.j6WKo9qwa3u/1SCmHM8j8e1Q4bHfvcM6xxTjXbUB12',NULL,'2023-02-20 08:33:48','2023-02-21 08:26:14',NULL),(140,'Михаил','bmu77@yandex.ru',NULL,'$2y$10$J2iTIUuQYaP80WeDj5WKReIFA1l4cKe.4f6lVIccwm/7qMrs/8NkO',NULL,'2023-02-20 10:43:27','2023-02-20 10:43:27',NULL),(142,'Михаил','neptun767@yandex.ru',NULL,'$2y$10$T5Trl7kFIqsHGQvL6af2YeW9QvM/sNTFN/U3PeqXJBaq8gr.d4hse',NULL,'2023-02-20 10:44:49','2023-02-20 10:44:49',NULL),(143,'Wilhelm Enns','handel.vertrieb2017@gmail.com',NULL,'$2y$10$om1us9gwEnjB/7oKNmn2IeLhanjy9zNz2M3Ng1dXVjfD4rjfFTeHO',NULL,'2023-02-21 07:56:24','2023-02-21 07:56:24',NULL),(144,'тест тест','test@test.ru',NULL,'$2y$10$tN3xuZFju83Nix6mEi.lKugnF3Yggc8h.okVePE/raoHtgj.2kQNG',NULL,'2023-02-21 08:29:58','2023-02-21 08:29:58',NULL),(145,'Неля +79854459560','omhareramaom@mail.ru',NULL,'$2y$10$OnTAWlWyp5tfolAFpHUXuuFwBUqY2kacZAPFmMwJfWoHiacrgnkga',NULL,'2023-02-21 16:38:40','2023-02-21 16:38:40',NULL),(146,'Алексей','info@xprt.ru',NULL,'$2y$10$7ViKt152Uf5OAlPp1MvtpOhn0wBGuH2/6ufZIC7BqgCcFYWTK0ePy','YYVJlgWj7aK5u7Yz1NzreAEJhYgFaDk9R9ytLQbGv2KRBssmQL84gMOfXWI8','2023-02-21 16:41:32','2023-03-07 11:22:53',NULL),(147,'Александр Плеханов','a_plekhanov@inbox.ru',NULL,'$2y$10$FgDU0rwbcW5BbQnoH7IQ5uJ4INbm50tr2vVYbH9qc.fs7llYYRs8W',NULL,'2023-02-22 09:55:04','2023-02-22 09:55:04',NULL),(148,'Константин  Черных','chernykh@lasmart.ru',NULL,'$2y$10$IfNFoUR2ECm3oSuU0Vh5T.h1NGYQTutKomolg.ao.rJd94Pb4YalC',NULL,'2023-02-22 10:01:54','2023-02-22 10:08:03',NULL),(149,'Елена','AleEle@yandex.ru',NULL,'$2y$10$LXc668MEYyC2Ou11DAIJaecZJE1DY4kZpcEZe/W3ctCuYbNqtgAMO',NULL,'2023-02-22 10:06:49','2023-02-22 10:06:49',NULL),(150,'Дворянский Владлен','dvoryanskiy@lasmart.ru',NULL,'$2y$10$Q72.YkVHpRB7GU7NKLh2cexn3YBp5xRWbnNIG1WP7Zu1u2BvWFZIa','5CDtoHKypWWm4CViiTMbSvNYdEJjfmOciEky3m6Hny9rrqPZ0OWhWZZQAwNz','2023-02-22 10:10:38','2023-02-22 10:10:38',NULL),(151,'Мария Королева','marikoroleva75@mail.ru',NULL,'$2y$10$Ul.GWs3fxEu46ff9KBFid.IKS5OpZMFNgzvjyuUYFsb1o7vUwte1G',NULL,'2023-02-22 19:09:07','2023-02-22 19:09:07',NULL),(152,'Елена','elenapbel@rambler.ru',NULL,'$2y$10$yp5/XPBx5Y72TP0kNQLCX.wn1KmgaX5dUzW2jGRJ6Japr2xIa/DgC',NULL,'2023-02-27 07:44:52','2023-02-27 07:44:52',NULL),(153,'Глеб GlebRinusV@gmail.com','GlebRinusV@gmail.com',NULL,'$2y$10$gb6n83altojgO.NrlIk8veJCFpMimgeXmf3B.ikT5j1w6QK2iJSuO',NULL,'2023-02-27 07:45:39','2023-02-27 07:45:39',NULL),(154,'Алёна','alenaozhinskaya@gmail.com',NULL,'$2y$10$Jtl31j.rJjLgv9a0uc/1muLJOn8rRfRcLyq7LsxBqs9DQOPvG/9pq',NULL,'2023-02-27 10:57:02','2023-02-27 11:40:33',NULL),(155,'Websend','websend@yandex.ru',NULL,'$2y$10$4VG1cg.jOUT/8scDMEFm2OWHZGj4BehPPE32XtmGSW0qG.yoBLc3W',NULL,'2023-02-27 13:24:17','2023-02-27 13:24:17',NULL),(156,'Виктория Владимировна Набатникова','nabatnikovav1995@gmail.com',NULL,'$2y$10$..jAffxa6oEx.M.PVV4dWuyiweBnaYyYH8rHbDI0bdG42ExImTtpu',NULL,'2023-03-01 07:09:29','2023-03-02 07:14:13',NULL),(157,'Владимир','vea28vvv@gmail.com',NULL,'$2y$10$YzarYs9Ortspdm3KSi7W0.Km6NG3FAi4fId7yOxt6tPVYYYmeR3la',NULL,'2023-03-01 07:11:03','2023-03-01 07:11:03',NULL),(158,'Марем','maremushka1972@yandex.ru',NULL,'$2y$10$AjyCS/LYXMsRvumxDY/LP.Fui4JF0RUbj23OOqj5bRfectXeQUxli',NULL,'2023-03-02 07:07:32','2023-03-02 07:07:32',NULL),(159,'Надежда Малых','malyhnm@iszf.irk.ru',NULL,'$2y$10$mXXJhN1k7NVtRvv37QfPc.t6rar8DJUJuFmaVngFbpnvV4nVm6ATq','Q2zyIdCuLaC79MUclwGYoFDQ878dHaqp0KCzpJAvRl9PWYKnEyoL4wEDsyL5','2023-03-02 07:09:28','2023-03-02 07:09:28',NULL),(160,'Геннадий Леонов i.p.leonov@rambler.ru','i.p.leonov@rambler.ru',NULL,'$2y$10$hJuipivsldlNfnCRJR.vwuBXA33xHBivmR1mgzJgC43B5LrG9XwMm',NULL,'2023-03-02 07:21:05','2023-03-02 07:21:05',NULL),(161,'Поляков Сергей Валентинович','ct.p2011@yandex.ru',NULL,'$2y$10$bFYH9q9JQXyNzTK228mSp.xiUL7HfX2t9lZjrcdjJpn3.uLhweLYq',NULL,'2023-03-03 09:01:16','2023-03-03 09:01:16',NULL),(162,'Елена demetra67@yandex.ru','demetra67@yandex.ru',NULL,'$2y$10$00gnavI9cTZ5fStKKTcYzOX/nSO/60fb816Ny/3hD5Y.4/8rpepIm','NghSP9ouJ0OIRIh7epun1vNJ3ndFWEkWaSOHejEPrC1shraRWWUA3pUQ0fUK','2023-03-03 09:02:00','2023-03-03 18:28:15',NULL),(163,'OLEG VIKTOROVICH SIMACHKOV','btm2008@mail.ru',NULL,'$2y$10$qIY3A6MvrKCytaXq3H0A.ekn0Yfw6pkz8VYScEHU6/UWlutxQ3o8G',NULL,'2023-03-07 08:00:33','2023-03-08 19:18:14',NULL),(164,'Ольга Leila-nikko@mail.ru','Leila-nikko@mail.ru',NULL,'$2y$10$MGmAf5Jqs8zLLEb3PjBOd.7ZQ3IYaakJm68xhI8.Ddk4PfVuXC4Ku',NULL,'2023-03-07 13:08:40','2023-03-08 19:18:32',NULL),(165,'Иван thomastik2010@yandex.ru','thomastik2010@yandex.ru',NULL,'$2y$10$5Oix90x1YyoLAvD8MWj34OKFqvfwgxSZQuPo6QkK6Mp2KYZ.FflCu',NULL,'2023-03-08 19:17:26','2023-03-08 19:24:16',NULL),(166,'АВОВА','isaevartem2zay@gmail.com',NULL,'$2y$10$S1G3hA1duND18iOOariiP.PfGr4YP98ak9ewUJWs2BUtvziPl4eES',NULL,'2023-03-09 14:02:27','2023-03-14 07:47:48',NULL),(167,'Злата zIatik2023@sO','zIatik2023@sO',NULL,'$2y$10$Iexx2QUg0IYUqICVMxxL9u8E6sZQn/F5JYHSubrJ9BOhRGfCds6XS',NULL,'2023-03-09 14:03:25','2023-03-09 14:03:25',NULL),(168,'Александра Ярцева','yarceva.sasha@mail.ru',NULL,'$2y$10$/h9xgTiZsR3DOTKl2JcQsuCeGCiAoJd0Cazmrpga6k0fN8JJ8tIJe',NULL,'2023-03-13 18:41:27','2023-03-14 07:47:36',NULL),(169,'Екатерина Ивановна Хафизова','katya.xaf@mail.ru',NULL,'$2y$10$7401HU.OROOjePDbtRJmC.psVkB917nO9coC6nrStUaSDtLFJGmIq','WyAGfUYILt7AtgxCKzyn0aBIlculwmKZ9qynUWUQTNlWcLvDOqsFsnc5VI92','2023-03-14 06:55:25','2023-03-21 08:05:15',NULL),(170,'Роман cidor38347@etondy.com','cidor38347@etondy.com',NULL,'$2y$10$II9QC1RB2RchC.lyEcDBCuTQKi1r16wVPZtkDA755CmOp5uG2f/Qq',NULL,'2023-03-16 08:34:05','2023-03-21 08:04:30',NULL),(171,'Роман r21083@mail.ru','r21083@mail.ru',NULL,'$2y$10$7hD88qd/iI2aK/W9Qhu2iO8BvvlvdH8HVY28eG7sR2r0sv7ixR9IO',NULL,'2023-03-16 08:35:00','2023-03-21 08:04:41',NULL),(172,'Иринка','irina1986685@gmail.com',NULL,'$2y$10$59QyXu7joi5nEfRlr60SUu162z7gDvcXOBeenGgfLJYalG4pkh4zW',NULL,'2023-03-17 09:13:04','2023-03-21 08:04:52',NULL),(173,'Владимир Савельев vsavelev-spb@mail.ru','vsavelev-spb@mail.ru',NULL,'$2y$10$S9YU.GdGGbfK0T/lxoOthu2p5yiz1kyDjbFsumeXWRvHUnXX7jIMm',NULL,'2023-03-20 07:34:27','2023-03-21 08:05:01',NULL),(174,'Сергей','m-i-h@mail.ru',NULL,'$2y$10$828vQlTMY3fRZYi/SSWimu3JLqhaI8n9HoPkQtHCircFHKz2YMVSS',NULL,'2023-03-21 06:54:54','2023-03-21 08:16:30',NULL),(175,'Тимофей Молданов moldanov@gmail.com','moldanov@gmail.com',NULL,'$2y$10$xP3NoDpm2lYhUUd0akGBnOqffPcfKr.c0qfbMhH3TbVl0tfCUI3kW',NULL,'2023-03-21 08:06:27','2023-03-21 08:06:27',NULL),(176,'Алла Лазутина allalazutina428@gmail.com','allalazutina428@gmail.com',NULL,'$2y$10$U9Umrc6SA13ndYIRnLWJeOSTAQkvsIPEZnMYBW7UTARoALW8c3K5W',NULL,'2023-03-23 07:48:05','2023-03-29 11:19:58',NULL),(177,'Александра alexandranedum74@gmail.ru','alexandranedum74@gmail.ru',NULL,'$2y$10$oh6QpkU7aonMmqxJb8ZhkODNRJzXlZC3k4Hm2e5Utf.kRU.uXfu32',NULL,'2023-03-23 07:48:55','2023-03-23 07:48:55',NULL),(178,'Poddubskii','58ovd@2013',NULL,'$2y$10$xMcCQxCrs4MFF4Yr0k9R0OpFGXEmyTSb288RjpsSSFeonZ1ErWMSC','ysQXfQN33PIUY21l7z59JhqdFKJAygbAVtu0FMVBeWl0Ud1aUBwc840CO4iq','2023-03-23 09:56:20','2023-03-29 11:24:24',NULL),(179,'Тамара www.lisa2004@bk.ru','www.lisa2004@bk.ru',NULL,'$2y$10$Zzl95ki7yJWzlvVgeLGyYeoe/eDTEJXbxpX5TXTbLammNKe5qqgfS',NULL,'2023-03-29 11:26:33','2023-03-29 11:26:33',NULL),(180,'Олеся Крапивина','olesakrapivina7@gmail.com',NULL,'$2y$10$CNlPpZowselPr1sMPPOJ5uaZI8dWPUSThWKHGS4VpT/q4X7qGNY9.',NULL,'2023-03-30 07:24:00','2023-04-04 10:10:28',NULL),(181,'Людмила Волкова','ms.mila.volkova.2013@mail.ru',NULL,'$2y$10$PjNXH/RopnKExi2w3Uw75Obt.y253./m3NGVEeAwlf3NDMeJTYADi',NULL,'2023-03-30 07:25:58','2023-03-30 07:25:58',NULL),(182,'Виктория attest-vrmc@yandex.ru','attest-vrmc@yandex.ru',NULL,'$2y$10$GTo1h/r6lLvZIVkOxNN44ePQqO1qM3XouG2qre.HFFaSeJeqF0L3i',NULL,'2023-03-30 07:57:07','2023-03-30 07:57:07',NULL),(183,'Вера vk05101975@gmail.com','vk05101975@gmail.com',NULL,'$2y$10$7gzsCPQj9R4.C6aDjzcRMOMuTOcSrdiTHHCow3eNZlzpC8FGJxMOS',NULL,'2023-03-31 06:15:08','2023-03-31 07:40:47',NULL),(184,'Ольга Сергеевна Чибизова','oligatschibizowa1974@mail.ru',NULL,'$2y$10$M9qcmtkIqAuAlLWozZF4z.axZG9DQ1C8.zDzRwVTVB0C2e/tc63zq',NULL,'2023-04-03 07:33:10','2023-04-03 07:33:10',NULL),(185,'Сергей dmitryuk58@mail.ru','dmitryuk58@mail.ru',NULL,'$2y$10$Qcj.M2T6yDQd/kJ8b7/T/OJTfRImKV4tNUCx7bcQkQQO3PJhtYlFO',NULL,'2023-04-03 08:23:04','2023-04-04 10:10:39',NULL),(186,'Ольга  Кулагина г Иваново odgakulagina@mail.ru','odgakulagina@mail.ru',NULL,'$2y$10$c4L4OekfL0a.Oe/5jWYe1ezrxUgrOJwknPuiugt2s3.CHtr3ZJmUu',NULL,'2023-04-04 09:34:30','2023-04-04 10:19:27',NULL),(187,'Людмила Фокина  mila1fokina@gmail.com','mila1fokina@gmail.com',NULL,'$2y$10$WEK4c.gdKFGcPoc..o3Tw.8ANG18HnRTWj/YlR9fWanuUy.nLsv16',NULL,'2023-04-04 10:11:34','2023-04-04 10:11:34',NULL),(188,'Юлия sportfish@mail.ru','sportfish@mail.ru',NULL,'$2y$10$HJ40CZiQ.wXWK4cwh6fPguDgu/DcDZiJcBrLbfB7qBe1pFAyBq4vC',NULL,'2023-04-05 12:55:56','2023-04-05 12:56:08',NULL),(189,'Анна','annapolusina54@gmail.com',NULL,'$2y$10$Ziz/VtXBXMnmJ5Ezq1BVAOcJUJkar13CpG1SXsQFrqBFaSFHXvMIW',NULL,'2023-04-05 16:55:18','2023-04-05 19:41:52',NULL),(190,'Наталья limon68@yandex.ru','limon68@yandex.ru',NULL,'$2y$10$0pPl2gWgjixCzD3gww0WjeQt63M7leBHoRGKQyLUP6937Z48l2DuK',NULL,'2023-04-18 06:48:40','2023-04-18 10:24:40',NULL),(191,'Екатерина Сергеевна Колесникова','dbrf@mail.ru',NULL,'$2y$10$V9Dewd/jzosb1GuGIbW18OT5sXIMqrNZJVLhEI79IC6nG0VqDFj5q',NULL,'2023-04-18 07:51:29','2023-04-18 10:25:16',NULL),(192,'Мария Mariika.t@yandex.ru','Mariika.t@yandex.ru',NULL,'$2y$10$NaeGU8NuaS2chBIqiJMkveEKXncutxwscObNjfXZuWdzlKafjcasS',NULL,'2023-04-18 10:23:23','2023-04-18 10:24:21',NULL),(193,'Иринка irishka_68_09@mail.ru','irishka_68_09@mail.ru',NULL,'$2y$10$0n9.QLic53PgIljeaaNWiOtPCbH61Vld5Mzb4h8GQon1Sfmc1myNy',NULL,'2023-04-19 06:36:49','2023-04-25 14:19:09',NULL),(194,'Дутова Татьяна Николаевна','dutova75@mail.ru',NULL,'$2y$10$JOKlMXUBo0/Cctiaoe7t2eJfYoErdRJx1yzGluQtZl1xIzWtV6MY2',NULL,'2023-04-19 18:38:20','2023-04-25 14:18:58',NULL),(195,'Савкова Лариса savkova.l.v@mai.ru','savkova.l.v@mail.ru',NULL,'$2y$10$Wyy0oaXWXKwhuocvUK.GPeI2w77jDVTn72zfGSTDL0QR6.DsnG0De',NULL,'2023-04-25 14:19:51','2023-04-25 14:32:48',NULL),(196,'Елена Сереброва','e_serebrova@mail.ru',NULL,'$2y$10$8yUWHyNpeDgTCzPTbUkt9uAMHLVB3oVO6wGWQE1Dyyo2P5akV4jiC',NULL,'2023-05-01 19:09:34','2023-05-10 08:59:32',NULL),(197,'светлана','gavrilova.svet-gavrilova@yandex.ru',NULL,'$2y$10$YQWh4iKNemi9rXpMLWqAIOFLfIFocf3OKQJhTPe0tonmwzgbwN6Mu',NULL,'2023-05-02 08:28:55','2023-05-02 08:28:55',NULL),(198,'Бутусова Любовь Ивановна','lubawabut@mail.ru',NULL,'$2y$10$e9QM6Xr1Sa8HEtH2irInGeuCnswVTcdN8iOdU2XPuBeIQyaxougFW',NULL,'2023-05-04 14:24:37','2023-05-04 14:24:55',NULL),(199,'Ольга Гавриленко','gavrilenko.2013@list.ru',NULL,'$2y$10$2Vj5pA6hdCYGQo1zsN0yCuSAKRjciRKmKJLf/CWp3bE7.iG6LoqeG',NULL,'2023-05-04 16:59:06','2023-05-04 16:59:06',NULL),(200,'Александр golizhenko1947@mail.ru','golizhenko1947@mail.ru',NULL,'$2y$10$.hHeauEjMc96JRgT1QzHBep0wEpYUBsEq2oneRYyGcorw8UZgf512',NULL,'2023-05-09 06:45:01','2023-05-09 06:45:01',NULL),(201,'Елизавета em9026742@gmail.com','em9026742@gmail.com',NULL,'$2y$10$zVP9iE48uqA4YLaWPA/kDeeM5/wLd8lZS/hrZ3dyAvo3iH138pgMG',NULL,'2023-05-09 06:47:30','2023-05-09 06:47:30',NULL),(202,'Алла Александровна','ihonina@yandex.ru',NULL,'$2y$10$lpIrE4njBf4Tqk9reLY2i.fpJ8cyhrmCHPFm8Jy7UPjPDTaTaanyq',NULL,'2023-05-11 08:17:12','2023-05-11 08:18:32',NULL),(203,'Николай hjkolajelmeev@com.ru','hjkolajelmeev@com.ru',NULL,'$2y$10$r4GKjYvPNQbSjSZr5sRKfevfM5FTB0tGd1tMmw4Epy0ERYqcC.p1O',NULL,'2023-05-11 08:18:12','2023-05-11 08:18:12',NULL),(204,'Светлана Соколова sokolovasa60@gmail.com','sokolovasa60@gmail.com',NULL,'$2y$10$UE6RNeuj0/5rs9ghl5UBa.ft8b5NMlRfAMRpZ3jYDsYtIW2.k7FXi',NULL,'2023-05-11 08:21:28','2023-05-11 08:21:28',NULL),(205,'АндрейКорсаков','korsakov@sboard.online',NULL,'$2y$10$PAMPV8kHfmusx413Ct64fO5SO.33.BuD2/Rx0qrnPRnTmlTo.KPqC',NULL,'2023-05-13 09:52:56','2023-05-13 09:52:56',NULL),(206,'Гулусяр gulusyar@mail.ru','gulusyar@mail.ru',NULL,'$2y$10$CvPWXz2EacrqUtHTErcPOO1H6g3frDiLvGe5b4Vb5LKqUhkHWYx7K',NULL,'2023-05-15 20:10:44','2023-05-15 20:10:44',NULL),(207,'Vladimir','ki4pus@gmail.com',NULL,'$2y$10$A9O30Hmfoexp3q5ps.kBA.xlbWoF02zCI4.Q8yvVBHVFAP0k5BHAe',NULL,'2023-05-16 09:55:54','2023-05-16 10:00:41',NULL),(208,'Анна','luschikova.anna@gmail.com',NULL,'$2y$10$74QXaaKoKMqs4apdNlnYVOnHJaqHbXGPecP9LPvOzjv8RshhuhISC',NULL,'2023-05-16 09:58:06','2023-05-16 10:01:41',NULL),(209,'Арсен Спринт','arsen199705@gmail.com',NULL,'$2y$10$ZQthYE.HFQXWPaDwRpaEDedmDeZNiQEOFgCW85SGArB2os8pOWns.','3rJGFze9GZG9R7UGAiblCURFtXwJK2bYUzVlgiYaNJ8rvPDzEs3ATGcaqEqa','2023-05-22 06:43:36','2023-05-22 08:34:00',NULL),(210,'Никита Плотников','Sofcrus@gmail.com',NULL,'$2y$10$TJvyubB2niRryzDY9k6Mle3YTckPUtrr4nzQrID8EZlKg7xlBagn.','tX0saJxeoRbQavHZZfndPQ5O9RlwnGx05KReL1CwEE5f7K8cbV4UagJ2tYfl','2023-05-22 06:44:24','2023-05-22 08:34:18',NULL),(211,'Олег Баранник','Oleg.e.barannik@gmail.com',NULL,'$2y$10$VEi9RVjRNyCYczvgOfXVjOkjja9iKPmVkiNvlkvMX.AnMPzFe5Ufe',NULL,'2023-05-22 06:44:56','2023-05-22 08:33:47',NULL);
/*!40000 ALTER TABLE `users` ENABLE KEYS */;
UNLOCK TABLES;
/*!40103 SET TIME_ZONE=@OLD_TIME_ZONE */;

/*!40101 SET SQL_MODE=@OLD_SQL_MODE */;
/*!40014 SET FOREIGN_KEY_CHECKS=@OLD_FOREIGN_KEY_CHECKS */;
/*!40014 SET UNIQUE_CHECKS=@OLD_UNIQUE_CHECKS */;
/*!40101 SET CHARACTER_SET_CLIENT=@OLD_CHARACTER_SET_CLIENT */;
/*!40101 SET CHARACTER_SET_RESULTS=@OLD_CHARACTER_SET_RESULTS */;
/*!40101 SET COLLATION_CONNECTION=@OLD_COLLATION_CONNECTION */;
/*!40111 SET SQL_NOTES=@OLD_SQL_NOTES */;

-- Dump completed on 2023-05-27 16:54:46
